record_id,source_record_id,sample_id,element_or_analyte,value,unit,medium,measurement_basis,value_qualifier,detection_limit,detection_limit_unit,latitude,longitude,source_crs,coordinate_uncertainty_m,geologic_unit,analytical_method,digestion_or_extraction,laboratory,license,source_tier,source_id,source_locator,sampled_at,sample_depth_min_m,sample_depth_max_m,grain_fraction
rec-42ced7d671e1b008dd14ef34a1c4d323e8ab53ef2dc6765ff8d6d64b767013a6,src-e6a862acb7601a868b4ae886e2bd918241cd4e83fb661184ddc075a76a9e5764,GA01|13|14.9m,Ni,2.144948,nmol/kg,water,dissolved_seawater_molar_per_mass,reported,,,41.3829,-13.887604,EPSG:4326,,global_ocean_cruise_track,,dissolved_fraction; contributor-specific protocol,,CC-BY-4.0,official_curated,geotraces-idp2025,IDP2025_seawater_GEOTRACES_IDP2025_Seawater_9ZNEKNrP.txt#row=53,2014-05-24T23:03:50,14.9,14.9,
rec-f3546151aba79c60b52c485d96b047a3a4da13f191dc6f6eb187dc4b42cd172a,src-e6a862acb7601a868b4ae886e2bd918241cd4e83fb661184ddc075a76a9e5764,GA01|13|14.9m,Zn,0.074824,nmol/kg,water,dissolved_seawater_molar_per_mass,reported,,,41.3829,-13.887604,EPSG:4326,,global_ocean_cruise_track,,dissolved_fraction; contributor-specific protocol,,CC-BY-4.0,official_curated,geotraces-idp2025,IDP2025_seawater_GEOTRACES_IDP2025_Seawater_9ZNEKNrP.txt#row=53,2014-05-24T23:03:50,14.9,14.9,
rec-45b11e981edba1076a3dd24d34e7080b136e84ca700e48a4a6450db0a3c145b9,src-f9d1c430914950f7feb6eea8ae80bef9329c45e4338e6a803a4471581bd630cb,GA01|13|59.5m,Ni,2.450863,nmol/kg,water,dissolved_seawater_molar_per_mass,reported,,,41.3829,-13.887604,EPSG:4326,,global_ocean_cruise_track,,dissolved_fraction; contributor-specific protocol,,CC-BY-4.0,official_curated,geotraces-idp2025,IDP2025_seawater_GEOTRACES_IDP2025_Seawater_9ZNEKNrP.txt#row=96,2014-05-24T23:03:50,59.5,59.5,
rec-f6238625cc9e957ee0adc8ee870fbc83f687647341325b52624d5ddf561d8854,src-f9d1c430914950f7feb6eea8ae80bef9329c45e4338e6a803a4471581bd630cb,GA01|13|59.5m,Zn,0.35851,nmol/kg,water,dissolved_seawater_molar_per_mass,reported,,,41.3829,-13.887604,EPSG:4326,,global_ocean_cruise_track,,dissolved_fraction; contributor-specific protocol,,CC-BY-4.0,official_curated,geotraces-idp2025,IDP2025_seawater_GEOTRACES_IDP2025_Seawater_9ZNEKNrP.txt#row=96,2014-05-24T23:03:50,59.5,59.5,
rec-c48ea0c35398ec6e58a223c960360cf7fc47146fdf67877c15519e93e55e8c50,src-0308efc5a1c726887dd5cf7b7cda139312d39cd7e76e3824ee5c36f59952969f,GA01|13|99.1m,Ni,2.629792,nmol/kg,water,dissolved_seawater_molar_per_mass,reported,,,41.3829,-13.887604,EPSG:4326,,global_ocean_cruise_track,,dissolved_fraction; contributor-specific protocol,,CC-BY-4.0,official_curated,geotraces-idp2025,IDP2025_seawater_GEOTRACES_IDP2025_Seawater_9ZNEKNrP.txt#row=125,2014-05-24T23:03:50,99.1,99.1,
rec-ef4d3760a5a1e8e7e257cbd5b5980d13e12de371b61f8ef66a2a72b69d521afc,src-0308efc5a1c726887dd5cf7b7cda139312d39cd7e76e3824ee5c36f59952969f,GA01|13|99.1m,Zn,0.125532,nmol/kg,water,dissolved_seawater_molar_per_mass,reported,,,41.3829,-13.887604,EPSG:4326,,global_ocean_cruise_track,,dissolved_fraction; contributor-specific protocol,,CC-BY-4.0,official_curated,geotraces-idp2025,IDP2025_seawater_GEOTRACES_IDP2025_Seawater_9ZNEKNrP.txt#row=125,2014-05-24T23:03:50,99.1,99.1,
rec-5c73afb2ceb641af63807219c4ecdd2818d25c2156fa8ce2e8c3f1c21bf99532,src-19a0fea2262f316590b2be3dc7fcf4c43a5db56d9466a0954ea43af4e0c8c129,GA01|13|148.9m,Ni,2.739713,nmol/kg,water,dissolved_seawater_molar_per_mass,reported,,,41.3829,-13.887604,EPSG:4326,,global_ocean_cruise_track,,dissolved_fraction; contributor-specific protocol,,CC-BY-4.0,official_curated,geotraces-idp2025,IDP2025_seawater_GEOTRACES_IDP2025_Seawater_9ZNEKNrP.txt#row=144,2014-05-24T23:03:50,148.9,148.9,
rec-5aadc27c996ecf384efee9aa3b1ca48f723308cbc5a0066fb23b2af2c189338e,src-19a0fea2262f316590b2be3dc7fcf4c43a5db56d9466a0954ea43af4e0c8c129,GA01|13|148.9m,Zn,0.195598,nmol/kg,water,dissolved_seawater_molar_per_mass,reported,,,41.3829,-13.887604,EPSG:4326,,global_ocean_cruise_track,,dissolved_fraction; contributor-specific protocol,,CC-BY-4.0,official_curated,geotraces-idp2025,IDP2025_seawater_GEOTRACES_IDP2025_Seawater_9ZNEKNrP.txt#row=144,2014-05-24T23:03:50,148.9,148.9,
rec-adfd4e36f13ba9abbb2fe1cdfe480b15cf8b61c133bb49324b9997c140f579a6,src-eafd88c193834fbd5eefa93f8f9e125c0bcc1ed4f949bf258a63465fe6c0707f,GA01|13|198.5m,Ni,2.719651,nmol/kg,water,dissolved_seawater_molar_per_mass,reported,,,41.3829,-13.887604,EPSG:4326,,global_ocean_cruise_track,,dissolved_fraction; contributor-specific protocol,,CC-BY-4.0,official_curated,geotraces-idp2025,IDP2025_seawater_GEOTRACES_IDP2025_Seawater_9ZNEKNrP.txt#row=154,2014-05-24T23:03:50,198.5,198.5,
rec-195e7eefb01a80f67515f68a0a5a018dcc0dc51bb458c0c1a22c1d6d90efc77f,src-eafd88c193834fbd5eefa93f8f9e125c0bcc1ed4f949bf258a63465fe6c0707f,GA01|13|198.5m,Zn,0.150564,nmol/kg,water,dissolved_seawater_molar_per_mass,reported,,,41.3829,-13.887604,EPSG:4326,,global_ocean_cruise_track,,dissolved_fraction; contributor-specific protocol,,CC-BY-4.0,official_curated,geotraces-idp2025,IDP2025_seawater_GEOTRACES_IDP2025_Seawater_9ZNEKNrP.txt#row=154,2014-05-24T23:03:50,198.5,198.5,
rec-9a214efd09194cd0ef50754288625a31618da75e27f243f8a44e3c989d369b6c,src-1a9edf63e6df7493566739e711be820055fc8765cd0ecee8f9527d438fefc81f,GA01|13|298.1m,Ni,2.804783,nmol/kg,water,dissolved_seawater_molar_per_mass,reported,,,41.3829,-13.887604,EPSG:4326,,global_ocean_cruise_track,,dissolved_fraction; contributor-specific protocol,,CC-BY-4.0,official_curated,geotraces-idp2025,IDP2025_seawater_GEOTRACES_IDP2025_Seawater_9ZNEKNrP.txt#row=168,2014-05-24T23:03:50,298.1,298.1,
rec-e078966252da55a5d3f5e272ea3a014715fd9528fd6ebdaa788c6fa34f5ca0c9,src-1a9edf63e6df7493566739e711be820055fc8765cd0ecee8f9527d438fefc81f,GA01|13|298.1m,Zn,0.372402,nmol/kg,water,dissolved_seawater_molar_per_mass,reported,,,41.3829,-13.887604,EPSG:4326,,global_ocean_cruise_track,,dissolved_fraction; contributor-specific protocol,,CC-BY-4.0,official_curated,geotraces-idp2025,IDP2025_seawater_GEOTRACES_IDP2025_Seawater_9ZNEKNrP.txt#row=168,2014-05-24T23:03:50,298.1,298.1,
rec-fdcc9ccd1fc0bf5a5ebfb21da8dc8cd585460dfa16d045488fe11d4fe77cc11a,src-c884a9aff069d3ea32e145bb4903e69ad635dc7f3712109b6b035d3fc43e9744,GA01|13|495.2m,Ni,3.063481,nmol/kg,water,dissolved_seawater_molar_per_mass,reported,,,41.3829,-13.887604,EPSG:4326,,global_ocean_cruise_track,,dissolved_fraction; contributor-specific protocol,,CC-BY-4.0,official_curated,geotraces-idp2025,IDP2025_seawater_GEOTRACES_IDP2025_Seawater_9ZNEKNrP.txt#row=182,2014-05-24T23:03:50,495.2,495.2,
rec-44a0061e1dd305162c62a113a399112781322600e52947752cf2f6967ddcb7f6,src-c884a9aff069d3ea32e145bb4903e69ad635dc7f3712109b6b035d3fc43e9744,GA01|13|495.2m,Zn,0.838259,nmol/kg,water,dissolved_seawater_molar_per_mass,reported,,,41.3829,-13.887604,EPSG:4326,,global_ocean_cruise_track,,dissolved_fraction; contributor-specific protocol,,CC-BY-4.0,official_curated,geotraces-idp2025,IDP2025_seawater_GEOTRACES_IDP2025_Seawater_9ZNEKNrP.txt#row=182,2014-05-24T23:03:50,495.2,495.2,
rec-e0b47197b5b954a522066151259bdd477ed123af5279cda4e13a20998cf5114d,src-0fe508c3d187b9b901ae8b32e83e97de0e19c42184711e22c194e151c9998d68,GA01|13|594.9m,Ni,3.199645,nmol/kg,water,dissolved_seawater_molar_per_mass,reported,,,41.3829,-13.887604,EPSG:4326,,global_ocean_cruise_track,,dissolved_fraction; contributor-specific protocol,,CC-BY-4.0,official_curated,geotraces-idp2025,IDP2025_seawater_GEOTRACES_IDP2025_Seawater_9ZNEKNrP.txt#row=187,2014-05-24T23:03:50,594.9,594.9,
rec-1677aef1da3744b2efa8c71fe9c4ed8310263e5799dde26469d3d8c2e98e523c,src-0fe508c3d187b9b901ae8b32e83e97de0e19c42184711e22c194e151c9998d68,GA01|13|594.9m,Zn,1.020454,nmol/kg,water,dissolved_seawater_molar_per_mass,reported,,,41.3829,-13.887604,EPSG:4326,,global_ocean_cruise_track,,dissolved_fraction; contributor-specific protocol,,CC-BY-4.0,official_curated,geotraces-idp2025,IDP2025_seawater_GEOTRACES_IDP2025_Seawater_9ZNEKNrP.txt#row=187,2014-05-24T23:03:50,594.9,594.9,
rec-50cbd8d61d5aac5c8ce920290fd976bad7feaa194089740190f407cf17f07b77,src-efdac1490ac8fefbaff24fad2117c584026d116099015bb19dcc2e6506090fe7,GA01|13|790.3m,Ni,3.658931,nmol/kg,water,dissolved_seawater_molar_per_mass,reported,,,41.3829,-13.887604,EPSG:4326,,global_ocean_cruise_track,,dissolved_fraction; contributor-specific protocol,,CC-BY-4.0,official_curated,geotraces-idp2025,IDP2025_seawater_GEOTRACES_IDP2025_Seawater_9ZNEKNrP.txt#row=198,2014-05-24T23:03:50,790.3,790.3,
rec-3038ee1520fee2721c3599446a3d68595c58d3d5514071612d9640814b29f6d6,src-efdac1490ac8fefbaff24fad2117c584026d116099015bb19dcc2e6506090fe7,GA01|13|790.3m,Zn,2.148983,nmol/kg,water,dissolved_seawater_molar_per_mass,reported,,,41.3829,-13.887604,EPSG:4326,,global_ocean_cruise_track,,dissolved_fraction; contributor-specific protocol,,CC-BY-4.0,official_curated,geotraces-idp2025,IDP2025_seawater_GEOTRACES_IDP2025_Seawater_9ZNEKNrP.txt#row=198,2014-05-24T23:03:50,790.3,790.3,
rec-5417ae2f9f9203de308f0261e8cd12aa0cbb7615781473624a8b3c124c74669f,src-3409ddc8e861c5a05da5dc7a9d9a49fe1df9969aebbcb22fca639aaab97e859c,GA01|13|990.2m,Ni,3.836179,nmol/kg,water,dissolved_seawater_molar_per_mass,reported,,,41.3829,-13.887604,EPSG:4326,,global_ocean_cruise_track,,dissolved_fraction; contributor-specific protocol,,CC-BY-4.0,official_curated,geotraces-idp2025,IDP2025_seawater_GEOTRACES_IDP2025_Seawater_9ZNEKNrP.txt#row=208,2014-05-24T23:03:50,990.2,990.2,
rec-11e373b629fa2a302d5ec54bacc543609bc8da05b1929c0adc9cb907de90bee1,src-bc391ab94581021ea1c9f44845fd88947a407b8a93e0c9f945e7a4b59a4cadb5,GA01|13|1187.3m,Ni,3.837632,nmol/kg,water,dissolved_seawater_molar_per_mass,reported,,,41.3829,-13.887604,EPSG:4326,,global_ocean_cruise_track,,dissolved_fraction; contributor-specific protocol,,CC-BY-4.0,official_curated,geotraces-idp2025,IDP2025_seawater_GEOTRACES_IDP2025_Seawater_9ZNEKNrP.txt#row=217,2014-05-24T23:03:50,1187.3,1187.3,
rec-630e71ee90eefbd7d4d5d35f81b28546d23ad1ef50d11c4ff1913f66ff0157e6,src-bc391ab94581021ea1c9f44845fd88947a407b8a93e0c9f945e7a4b59a4cadb5,GA01|13|1187.3m,Zn,1.769945,nmol/kg,water,dissolved_seawater_molar_per_mass,reported,,,41.3829,-13.887604,EPSG:4326,,global_ocean_cruise_track,,dissolved_fraction; contributor-specific protocol,,CC-BY-4.0,official_curated,geotraces-idp2025,IDP2025_seawater_GEOTRACES_IDP2025_Seawater_9ZNEKNrP.txt#row=217,2014-05-24T23:03:50,1187.3,1187.3,
rec-eb81c4049f0688b2b039be893b161c02e4ed95ca04cf77ed61f3d52edc7cd0bd,src-adbcb9a0a34849866a0d6eab5dce136294785f318ae2acc006c623b7e95bb0a4,GA01|13|1975.3m,Ni,3.971616,nmol/kg,water,dissolved_seawater_molar_per_mass,reported,,,41.3829,-13.887604,EPSG:4326,,global_ocean_cruise_track,,dissolved_fraction; contributor-specific protocol,,CC-BY-4.0,official_curated,geotraces-idp2025,IDP2025_seawater_GEOTRACES_IDP2025_Seawater_9ZNEKNrP.txt#row=230,2014-05-24T23:03:50,1975.3,1975.3,
rec-74fa308894407c2a8967d1c4dee26e09ccc1813f607d17c14306b0e4101dd8aa,src-adbcb9a0a34849866a0d6eab5dce136294785f318ae2acc006c623b7e95bb0a4,GA01|13|1975.3m,Zn,1.877942,nmol/kg,water,dissolved_seawater_molar_per_mass,reported,,,41.3829,-13.887604,EPSG:4326,,global_ocean_cruise_track,,dissolved_fraction; contributor-specific protocol,,CC-BY-4.0,official_curated,geotraces-idp2025,IDP2025_seawater_GEOTRACES_IDP2025_Seawater_9ZNEKNrP.txt#row=230,2014-05-24T23:03:50,1975.3,1975.3,
rec-a813d51a5867071a8d4f24ca51d1b376d2e4aa47e6be0a56fcbfb6dee32aaa93,src-b03ab38592fe0a07bfef1a153fd23fcb42cf4403ff5ad6e28e9fcdffb963810a,GA01|13|2466.2m,Ni,4.373907,nmol/kg,water,dissolved_seawater_molar_per_mass,reported,,,41.3829,-13.887604,EPSG:4326,,global_ocean_cruise_track,,dissolved_fraction; contributor-specific protocol,,CC-BY-4.0,official_curated,geotraces-idp2025,IDP2025_seawater_GEOTRACES_IDP2025_Seawater_9ZNEKNrP.txt#row=239,2014-05-24T23:03:50,2466.2,2466.2,
rec-7a46f31127f345e0992f1aeea944507ea833d2e04dc410f09a400c5a4bf88b6c,src-b03ab38592fe0a07bfef1a153fd23fcb42cf4403ff5ad6e28e9fcdffb963810a,GA01|13|2466.2m,Zn,2.016448,nmol/kg,water,dissolved_seawater_molar_per_mass,reported,,,41.3829,-13.887604,EPSG:4326,,global_ocean_cruise_track,,dissolved_fraction; contributor-specific protocol,,CC-BY-4.0,official_curated,geotraces-idp2025,IDP2025_seawater_GEOTRACES_IDP2025_Seawater_9ZNEKNrP.txt#row=239,2014-05-24T23:03:50,2466.2,2466.2,
rec-060b0c9a893245adc315f28b1fa632a53b1b601be45a9f02d218f8bac6694fe2,src-a314834fbf31ba2cc22018f93152e90a2f145fd8ac66fb2379ee75050cd8c3ce,GA01|13|2951.8m,Ni,4.876222,nmol/kg,water,dissolved_seawater_molar_per_mass,reported,,,41.3829,-13.887604,EPSG:4326,,global_ocean_cruise_track,,dissolved_fraction; contributor-specific protocol,,CC-BY-4.0,official_curated,geotraces-idp2025,IDP2025_seawater_GEOTRACES_IDP2025_Seawater_9ZNEKNrP.txt#row=244,2014-05-24T23:03:50,2951.8,2951.8,
rec-9a202a4f3be72c765a4ebc5bd31bf66bb6be7e0025f8de86b332e0d3940253f8,src-a314834fbf31ba2cc22018f93152e90a2f145fd8ac66fb2379ee75050cd8c3ce,GA01|13|2951.8m,Zn,2.611973,nmol/kg,water,dissolved_seawater_molar_per_mass,reported,,,41.3829,-13.887604,EPSG:4326,,global_ocean_cruise_track,,dissolved_fraction; contributor-specific protocol,,CC-BY-4.0,official_curated,geotraces-idp2025,IDP2025_seawater_GEOTRACES_IDP2025_Seawater_9ZNEKNrP.txt#row=244,2014-05-24T23:03:50,2951.8,2951.8,
rec-5461a0a47bd4cca80b93fe37d306d2bcee0d4aedffe199f929c2e6091ac276b6,src-c14202391a63d13adf2e36118c9259e749ba25833d31ce392272e5ab56eebee1,GA01|13|3932.3m,Ni,5.680176,nmol/kg,water,dissolved_seawater_molar_per_mass,reported,,,41.3829,-13.887604,EPSG:4326,,global_ocean_cruise_track,,dissolved_fraction; contributor-specific protocol,,CC-BY-4.0,official_curated,geotraces-idp2025,IDP2025_seawater_GEOTRACES_IDP2025_Seawater_9ZNEKNrP.txt#row=256,2014-05-24T23:03:50,3932.3,3932.3,
rec-5983f5db3c77f80db87d164dda84eab45fbc7010f01405ae12d2595b34b48d21,src-c14202391a63d13adf2e36118c9259e749ba25833d31ce392272e5ab56eebee1,GA01|13|3932.3m,Zn,2.826912,nmol/kg,water,dissolved_seawater_molar_per_mass,reported,,,41.3829,-13.887604,EPSG:4326,,global_ocean_cruise_track,,dissolved_fraction; contributor-specific protocol,,CC-BY-4.0,official_curated,geotraces-idp2025,IDP2025_seawater_GEOTRACES_IDP2025_Seawater_9ZNEKNrP.txt#row=256,2014-05-24T23:03:50,3932.3,3932.3,
rec-6f514118c62f0edacfb4d8258a9347254b951fd03a9aeb6929edbfc56724392e,src-0a8f9fad62e8caf3c4be18854c7d24fb668a06adb539538c0ec5f933571e7b07,GA01|13|4904.1m,Ni,5.461539,nmol/kg,water,dissolved_seawater_molar_per_mass,reported,,,41.3829,-13.887604,EPSG:4326,,global_ocean_cruise_track,,dissolved_fraction; contributor-specific protocol,,CC-BY-4.0,official_curated,geotraces-idp2025,IDP2025_seawater_GEOTRACES_IDP2025_Seawater_9ZNEKNrP.txt#row=269,2014-05-24T23:03:50,4904.1,4904.1,
rec-268eac5af191bb8ab90ca340e3c9c42526c6bde9570923efd1b5e77f5ac15856,src-0a8f9fad62e8caf3c4be18854c7d24fb668a06adb539538c0ec5f933571e7b07,GA01|13|4904.1m,Zn,2.897639,nmol/kg,water,dissolved_seawater_molar_per_mass,reported,,,41.3829,-13.887604,EPSG:4326,,global_ocean_cruise_track,,dissolved_fraction; contributor-specific protocol,,CC-BY-4.0,official_curated,geotraces-idp2025,IDP2025_seawater_GEOTRACES_IDP2025_Seawater_9ZNEKNrP.txt#row=269,2014-05-24T23:03:50,4904.1,4904.1,
rec-7aa4f6ee69c2b94e4202b2a707fe724a0f082fd0b2f8ce2e7f8799529b34c0e9,src-865a635ea63efa2e0e22b2dd5fdafabd03f83a6ba71391ab45addc367167ea0f,GA01|13|5329.9m,Zn,3.654908,nmol/kg,water,dissolved_seawater_molar_per_mass,reported,,,41.3829,-13.887604,EPSG:4326,,global_ocean_cruise_track,,dissolved_fraction; contributor-specific protocol,,CC-BY-4.0,official_curated,geotraces-idp2025,IDP2025_seawater_GEOTRACES_IDP2025_Seawater_9ZNEKNrP.txt#row=282,2014-05-24T23:03:50,5329.9,5329.9,
rec-397df3634c82929c1c1a85911cd1a0f6752923dc2ac00ca91baaca1fcdb4a09b,src-b6e37b3ba60cb48e70a56729443f7d069460a64529f357c20b27c04d4f921205,GA03|Station 10|135.4m,Cu,1.169,nmol/kg,water,dissolved_seawater_molar_per_mass,reported,,,31.749399,-64.171906,EPSG:4326,,global_ocean_cruise_track,,dissolved_fraction; contributor-specific protocol,,CC-BY-4.0,official_curated,geotraces-idp2025,IDP2025_seawater_GEOTRACES_IDP2025_Seawater_9ZNEKNrP.txt#row=6420,2011-11-20T17:06:54,135.4,135.4,
rec-5398106e9c8ece7ce1d228a4e6e79c384efae22c4954948322bb8e51e1968b8b,src-d64355f4f4cfcfa8ec13fe85d897e018717f3a6df0b065561d1957000a81201d,GA03|Station 10|186.1m,Cu,1.187,nmol/kg,water,dissolved_seawater_molar_per_mass,reported,,,31.749399,-64.171906,EPSG:4326,,global_ocean_cruise_track,,dissolved_fraction; contributor-specific protocol,,CC-BY-4.0,official_curated,geotraces-idp2025,IDP2025_seawater_GEOTRACES_IDP2025_Seawater_9ZNEKNrP.txt#row=6428,2011-11-20T17:06:54,186.1,186.1,
rec-433fc0f1a68b863f7ef7c90859309a3e57e88ff3c39138e65d127cf7d432c068,src-2c250258ee3f6be4adfbfa8f5dc5efc3e012fae8038d21ed77fa1607ff71cf16,GA03|Station 10|236.3m,Cu,1.022,nmol/kg,water,dissolved_seawater_molar_per_mass,reported,,,31.749399,-64.171906,EPSG:4326,,global_ocean_cruise_track,,dissolved_fraction; contributor-specific protocol,,CC-BY-4.0,official_curated,geotraces-idp2025,IDP2025_seawater_GEOTRACES_IDP2025_Seawater_9ZNEKNrP.txt#row=6432,2011-11-20T17:06:54,236.3,236.3,
rec-3ed39acd4de518fb59d25b49aea1630f6059155b530d3893012e0817bbe0bd73,src-e206ee42e8802adf6b46027b7bfbd180b7548e7e23ad57b6a7b051085afa6da7,GA03|Station 10|286.6m,Cu,1.241,nmol/kg,water,dissolved_seawater_molar_per_mass,reported,,,31.749399,-64.171906,EPSG:4326,,global_ocean_cruise_track,,dissolved_fraction; contributor-specific protocol,,CC-BY-4.0,official_curated,geotraces-idp2025,IDP2025_seawater_GEOTRACES_IDP2025_Seawater_9ZNEKNrP.txt#row=6437,2011-11-20T17:06:54,286.6,286.6,
rec-c5ecaba62171d5712b9600594467ec75593bb25a9396dffc4ff42d58482f1d12,src-a027bcc7b8991d126b4aec9195ed26bd10a07ce53eba47cf9fc0d41d0f46fa9e,GA03|Station 10|345.7m,Cu,0.864,nmol/kg,water,dissolved_seawater_molar_per_mass,reported,,,31.749399,-64.171906,EPSG:4326,,global_ocean_cruise_track,,dissolved_fraction; contributor-specific protocol,,CC-BY-4.0,official_curated,geotraces-idp2025,IDP2025_seawater_GEOTRACES_IDP2025_Seawater_9ZNEKNrP.txt#row=6440,2011-11-20T17:06:54,345.7,345.7,
rec-0937f40bb39787365112b6590cee2cc9ed0c2b83574a9751780a20a5afd47c2e,src-928312dec869e7bfc1082109ea8176291a2be7c4666505defae7af86b9be287a,GA03|Station 10|420.9m,Cu,0.883,nmol/kg,water,dissolved_seawater_molar_per_mass,reported,,,31.749399,-64.171906,EPSG:4326,,global_ocean_cruise_track,,dissolved_fraction; contributor-specific protocol,,CC-BY-4.0,official_curated,geotraces-idp2025,IDP2025_seawater_GEOTRACES_IDP2025_Seawater_9ZNEKNrP.txt#row=6444,2011-11-20T17:06:54,420.9,420.9,
rec-fc0072d6a393430af6e05c8bd3e4702e6b042138622a8a446dbb20d9a89d8910,src-346d68295b74b824954ac6f197124691ae92fe8677b8dde84cfac8eb21920798,GA03|Station 10|500.8m,Cu,1.106,nmol/kg,water,dissolved_seawater_molar_per_mass,reported,,,31.749399,-64.171906,EPSG:4326,,global_ocean_cruise_track,,dissolved_fraction; contributor-specific protocol,,CC-BY-4.0,official_curated,geotraces-idp2025,IDP2025_seawater_GEOTRACES_IDP2025_Seawater_9ZNEKNrP.txt#row=6449,2011-11-20T17:06:54,500.8,500.8,
rec-5ecea214816e6782398ddcc8df098f7333ca4165118bff300fdd25c33a6214f9,src-a19fa9b8827c440deb7a3f840eaa6c597e3aba392a373ace1e35ec0dd6bd9c85,GA03|Station 10|576.7m,Cu,1.004,nmol/kg,water,dissolved_seawater_molar_per_mass,reported,,,31.749399,-64.171906,EPSG:4326,,global_ocean_cruise_track,,dissolved_fraction; contributor-specific protocol,,CC-BY-4.0,official_curated,geotraces-idp2025,IDP2025_seawater_GEOTRACES_IDP2025_Seawater_9ZNEKNrP.txt#row=6453,2011-11-20T17:06:54,576.7,576.7,
rec-8fe72c876ec0c87c9623d8bcbb39682381dd6ce127f98c2b095dcb08742f9b97,src-4e9f8a3d5607c086876dd5aaecb2e59cbfd0937c4310c6e60760e41ea83ab00c,GA03|Station 10|801.2m,Cu,1.142,nmol/kg,water,dissolved_seawater_molar_per_mass,reported,,,31.749399,-64.171906,EPSG:4326,,global_ocean_cruise_track,,dissolved_fraction; contributor-specific protocol,,CC-BY-4.0,official_curated,geotraces-idp2025,IDP2025_seawater_GEOTRACES_IDP2025_Seawater_9ZNEKNrP.txt#row=6463,2011-11-20T17:06:54,801.2,801.2,
rec-088afba3751d89a2a6ed364ce7f7f007d66df7520193f11fd0f2418104dc0c35,src-fbf42e7832d728178563029df16cb42db2261115f4924abc05433ca6b110aea3,GA03|Station 10|972.2m,Cu,1.299,nmol/kg,water,dissolved_seawater_molar_per_mass,reported,,,31.749399,-64.171906,EPSG:4326,,global_ocean_cruise_track,,dissolved_fraction; contributor-specific protocol,,CC-BY-4.0,official_curated,geotraces-idp2025,IDP2025_seawater_GEOTRACES_IDP2025_Seawater_9ZNEKNrP.txt#row=6470,2011-11-20T17:06:54,972.2,972.2,
rec-c541a7c88e7c23fb428a722f460afda421688ad8cb7be39172c2095a679d1711,src-65333079bee70255a7a4de1e7496c602a55b03cbd6969c76caa834a01c039208,GA03|Station 10|1075.8m,Cu,1.286,nmol/kg,water,dissolved_seawater_molar_per_mass,reported,,,31.749399,-64.171906,EPSG:4326,,global_ocean_cruise_track,,dissolved_fraction; contributor-specific protocol,,CC-BY-4.0,official_curated,geotraces-idp2025,IDP2025_seawater_GEOTRACES_IDP2025_Seawater_9ZNEKNrP.txt#row=6471,2011-11-20T17:06:54,1075.8,1075.8,
rec-5508ee3ce28e0c81aa64c2e0512570f19291018573ea326ae1dcafe4a164bf38,src-7d677c9abd41dbae956b790c8cca4dcc48597be617579af3feacf676c26351e6,GA03|Station 10|1200.5m,Cu,1.246,nmol/kg,water,dissolved_seawater_molar_per_mass,reported,,,31.749399,-64.171906,EPSG:4326,,global_ocean_cruise_track,,dissolved_fraction; contributor-specific protocol,,CC-BY-4.0,official_curated,geotraces-idp2025,IDP2025_seawater_GEOTRACES_IDP2025_Seawater_9ZNEKNrP.txt#row=6474,2011-11-20T17:06:54,1200.5,1200.5,
rec-6c205b12535227229bd5cd3e68254c4845caf7b042a5173f829ec1f1cc2127a8,src-1850ca78b57d37097ab34f268d4708469d1fed73238c8cbbd6c56e58ae85d547,GA03|Station 10|1351.5m,Cu,1.228,nmol/kg,water,dissolved_seawater_molar_per_mass,reported,,,31.749399,-64.171906,EPSG:4326,,global_ocean_cruise_track,,dissolved_fraction; contributor-specific protocol,,CC-BY-4.0,official_curated,geotraces-idp2025,IDP2025_seawater_GEOTRACES_IDP2025_Seawater_9ZNEKNrP.txt#row=6478,2011-11-20T17:06:54,1351.5,1351.5,
rec-7e08c04fb744923b09f61e87c8770ac6d0135eca38bb546a4169161f954c9d80,src-dbebdd8d9a68952e5dfdcd295e25bce51f66a211cda9733f09f36ec9f3ecc837,GA03|Station 10|1500.7m,Cu,1.268,nmol/kg,water,dissolved_seawater_molar_per_mass,reported,,,31.749399,-64.171906,EPSG:4326,,global_ocean_cruise_track,,dissolved_fraction; contributor-specific protocol,,CC-BY-4.0,official_curated,geotraces-idp2025,IDP2025_seawater_GEOTRACES_IDP2025_Seawater_9ZNEKNrP.txt#row=6483,2011-11-20T17:06:54,1500.7,1500.7,
rec-dac983d1e966126d53b542084fe19bbd768212561b93bfdb182ae66c048f4105,src-920bb96a911f8484085b4bfad9a45a1dcf1983249801aa567efb198051978ffb,GA03|Station 10|1650.8m,Cu,1.314,nmol/kg,water,dissolved_seawater_molar_per_mass,reported,,,31.749399,-64.171906,EPSG:4326,,global_ocean_cruise_track,,dissolved_fraction; contributor-specific protocol,,CC-BY-4.0,official_curated,geotraces-idp2025,IDP2025_seawater_GEOTRACES_IDP2025_Seawater_9ZNEKNrP.txt#row=6486,2011-11-20T17:06:54,1650.8,1650.8,
rec-ceca5795ce79bc05f58151c826530415e02d17e26db03087b8c56495089a2a95,src-6c0f36b0e7e07f6e5a9055cf0644dff001cb2d011c6188e7ea154b312a0974d2,GA03|Station 10|1951m,Cu,1.344,nmol/kg,water,dissolved_seawater_molar_per_mass,reported,,,31.749399,-64.171906,EPSG:4326,,global_ocean_cruise_track,,dissolved_fraction; contributor-specific protocol,,CC-BY-4.0,official_curated,geotraces-idp2025,IDP2025_seawater_GEOTRACES_IDP2025_Seawater_9ZNEKNrP.txt#row=6492,2011-11-20T17:06:54,1951,1951,
