record_id,source_record_id,sample_id,element_or_analyte,value,unit,medium,measurement_basis,value_qualifier,detection_limit,detection_limit_unit,latitude,longitude,source_crs,coordinate_uncertainty_m,geologic_unit,analytical_method,digestion_or_extraction,laboratory,license,source_tier,source_id,source_locator,sampled_at,sample_depth_min_m,sample_depth_max_m,grain_fraction,sample_type_raw,sample_type,sample_type_mapping_status,sample_type_missing_reason,geographic_context_raw,survey_area,map_sheet,cruise_track,lithology_raw,lithology,soil_horizon_raw,soil_horizon,sediment_environment,water_body_type,water_fraction,filtered_state,geologic_unit_raw,geologic_age_raw,tectonic_setting_raw,matched_geologic_unit,geology_map_source,geology_map_version,match_method,match_scale,boundary_distance_m,match_uncertainty,geology_missing_reason,method_scope,method_assignment_basis,preparation,analytical_technique,instrument,quantitation_limit,quantitation_limit_unit,reference_materials,method_source_locator,method_publication_id,method_missing_reason,citation_id_raw,publication_id,publication_doi,citation_text_raw,citation_scope,citation_assignment_basis,upstream_primary_source_id,citation_resolution_status,citation_missing_reason,access_status,research_use_status,license_url,license_scope,attribution_required,redistribution_status,terms_verified_at
rec-observation-v2%7Cjapan-gsj-marine-sediment%7Csrc-source-record-v2%257Cjapan-gsj-marine-sediment%257C880001%257Cocean-noudo.csv%2523row%253D2%7CAs%7C,src-source-record-v2%7Cjapan-gsj-marine-sediment%7C880001%7Cocean-noudo.csv%23row%3D2,880001,As,24.3,ppm,sediment,published_marine_sediment_concentration,,,,36.6977,136.5527,EPSG:4326,20,,,,,LicenseRef-GSJ-Government-Standard-Terms-2.0,government,japan-gsj-marine-sediment,ocean-noudo.csv#row=2,,,,,marine sediment,sediment_marine,dataset_constant,,能登〜富山湾 / GH88,能登〜富山湾,,GH88,,,,,marine,,,,,,,,,,,,,,not_reported,,,,,,,,,,,not_reported_in_concentration_csv,,doi:10.5571/synth.3.281,10.5571/synth.3.281,"[""Imai, N. et al. (2010). Geochemical Map of Sea and Land of Japan. Synthesiology 3, 281-291. https://doi.org/10.5571/synth.3.281; official marine concentration CSV.""]",dataset,dataset_metadata,,resolved,,public_download,permitted_research,https://www.gsj.jp/license/index.html,dataset,true,not_evaluated_for_project_output,2026-08-06T10:05:00Z
rec-observation-v2%7Cjapan-gsj-marine-sediment%7Csrc-source-record-v2%257Cjapan-gsj-marine-sediment%257C880001%257Cocean-noudo.csv%2523row%253D2%7CCr%7C,src-source-record-v2%7Cjapan-gsj-marine-sediment%7C880001%7Cocean-noudo.csv%23row%3D2,880001,Cr,24.469,ppm,sediment,published_marine_sediment_concentration,,,,36.6977,136.5527,EPSG:4326,20,,,,,LicenseRef-GSJ-Government-Standard-Terms-2.0,government,japan-gsj-marine-sediment,ocean-noudo.csv#row=2,,,,,marine sediment,sediment_marine,dataset_constant,,能登〜富山湾 / GH88,能登〜富山湾,,GH88,,,,,marine,,,,,,,,,,,,,,not_reported,,,,,,,,,,,not_reported_in_concentration_csv,,doi:10.5571/synth.3.281,10.5571/synth.3.281,"[""Imai, N. et al. (2010). Geochemical Map of Sea and Land of Japan. Synthesiology 3, 281-291. https://doi.org/10.5571/synth.3.281; official marine concentration CSV.""]",dataset,dataset_metadata,,resolved,,public_download,permitted_research,https://www.gsj.jp/license/index.html,dataset,true,not_evaluated_for_project_output,2026-08-06T10:05:00Z
rec-observation-v2%7Cjapan-gsj-marine-sediment%7Csrc-source-record-v2%257Cjapan-gsj-marine-sediment%257C880001%257Cocean-noudo.csv%2523row%253D2%7CCu%7C,src-source-record-v2%7Cjapan-gsj-marine-sediment%7C880001%7Cocean-noudo.csv%23row%3D2,880001,Cu,9.293,ppm,sediment,published_marine_sediment_concentration,,,,36.6977,136.5527,EPSG:4326,20,,,,,LicenseRef-GSJ-Government-Standard-Terms-2.0,government,japan-gsj-marine-sediment,ocean-noudo.csv#row=2,,,,,marine sediment,sediment_marine,dataset_constant,,能登〜富山湾 / GH88,能登〜富山湾,,GH88,,,,,marine,,,,,,,,,,,,,,not_reported,,,,,,,,,,,not_reported_in_concentration_csv,,doi:10.5571/synth.3.281,10.5571/synth.3.281,"[""Imai, N. et al. (2010). Geochemical Map of Sea and Land of Japan. Synthesiology 3, 281-291. https://doi.org/10.5571/synth.3.281; official marine concentration CSV.""]",dataset,dataset_metadata,,resolved,,public_download,permitted_research,https://www.gsj.jp/license/index.html,dataset,true,not_evaluated_for_project_output,2026-08-06T10:05:00Z
rec-observation-v2%7Cjapan-gsj-marine-sediment%7Csrc-source-record-v2%257Cjapan-gsj-marine-sediment%257C880001%257Cocean-noudo.csv%2523row%253D2%7CHg%7C,src-source-record-v2%7Cjapan-gsj-marine-sediment%7C880001%7Cocean-noudo.csv%23row%3D2,880001,Hg,10,ppb,sediment,published_marine_sediment_concentration,,,,36.6977,136.5527,EPSG:4326,20,,,,,LicenseRef-GSJ-Government-Standard-Terms-2.0,government,japan-gsj-marine-sediment,ocean-noudo.csv#row=2,,,,,marine sediment,sediment_marine,dataset_constant,,能登〜富山湾 / GH88,能登〜富山湾,,GH88,,,,,marine,,,,,,,,,,,,,,not_reported,,,,,,,,,,,not_reported_in_concentration_csv,,doi:10.5571/synth.3.281,10.5571/synth.3.281,"[""Imai, N. et al. (2010). Geochemical Map of Sea and Land of Japan. Synthesiology 3, 281-291. https://doi.org/10.5571/synth.3.281; official marine concentration CSV.""]",dataset,dataset_metadata,,resolved,,public_download,permitted_research,https://www.gsj.jp/license/index.html,dataset,true,not_evaluated_for_project_output,2026-08-06T10:05:00Z
rec-observation-v2%7Cjapan-gsj-marine-sediment%7Csrc-source-record-v2%257Cjapan-gsj-marine-sediment%257C880001%257Cocean-noudo.csv%2523row%253D2%7CNi%7C,src-source-record-v2%7Cjapan-gsj-marine-sediment%7C880001%7Cocean-noudo.csv%23row%3D2,880001,Ni,14.194,ppm,sediment,published_marine_sediment_concentration,,,,36.6977,136.5527,EPSG:4326,20,,,,,LicenseRef-GSJ-Government-Standard-Terms-2.0,government,japan-gsj-marine-sediment,ocean-noudo.csv#row=2,,,,,marine sediment,sediment_marine,dataset_constant,,能登〜富山湾 / GH88,能登〜富山湾,,GH88,,,,,marine,,,,,,,,,,,,,,not_reported,,,,,,,,,,,not_reported_in_concentration_csv,,doi:10.5571/synth.3.281,10.5571/synth.3.281,"[""Imai, N. et al. (2010). Geochemical Map of Sea and Land of Japan. Synthesiology 3, 281-291. https://doi.org/10.5571/synth.3.281; official marine concentration CSV.""]",dataset,dataset_metadata,,resolved,,public_download,permitted_research,https://www.gsj.jp/license/index.html,dataset,true,not_evaluated_for_project_output,2026-08-06T10:05:00Z
rec-observation-v2%7Cjapan-gsj-marine-sediment%7Csrc-source-record-v2%257Cjapan-gsj-marine-sediment%257C880001%257Cocean-noudo.csv%2523row%253D2%7CPb%7C,src-source-record-v2%7Cjapan-gsj-marine-sediment%7C880001%7Cocean-noudo.csv%23row%3D2,880001,Pb,16.707,ppm,sediment,published_marine_sediment_concentration,,,,36.6977,136.5527,EPSG:4326,20,,,,,LicenseRef-GSJ-Government-Standard-Terms-2.0,government,japan-gsj-marine-sediment,ocean-noudo.csv#row=2,,,,,marine sediment,sediment_marine,dataset_constant,,能登〜富山湾 / GH88,能登〜富山湾,,GH88,,,,,marine,,,,,,,,,,,,,,not_reported,,,,,,,,,,,not_reported_in_concentration_csv,,doi:10.5571/synth.3.281,10.5571/synth.3.281,"[""Imai, N. et al. (2010). Geochemical Map of Sea and Land of Japan. Synthesiology 3, 281-291. https://doi.org/10.5571/synth.3.281; official marine concentration CSV.""]",dataset,dataset_metadata,,resolved,,public_download,permitted_research,https://www.gsj.jp/license/index.html,dataset,true,not_evaluated_for_project_output,2026-08-06T10:05:00Z
rec-observation-v2%7Cjapan-gsj-marine-sediment%7Csrc-source-record-v2%257Cjapan-gsj-marine-sediment%257C880001%257Cocean-noudo.csv%2523row%253D2%7CZn%7C,src-source-record-v2%7Cjapan-gsj-marine-sediment%7C880001%7Cocean-noudo.csv%23row%3D2,880001,Zn,64.418,ppm,sediment,published_marine_sediment_concentration,,,,36.6977,136.5527,EPSG:4326,20,,,,,LicenseRef-GSJ-Government-Standard-Terms-2.0,government,japan-gsj-marine-sediment,ocean-noudo.csv#row=2,,,,,marine sediment,sediment_marine,dataset_constant,,能登〜富山湾 / GH88,能登〜富山湾,,GH88,,,,,marine,,,,,,,,,,,,,,not_reported,,,,,,,,,,,not_reported_in_concentration_csv,,doi:10.5571/synth.3.281,10.5571/synth.3.281,"[""Imai, N. et al. (2010). Geochemical Map of Sea and Land of Japan. Synthesiology 3, 281-291. https://doi.org/10.5571/synth.3.281; official marine concentration CSV.""]",dataset,dataset_metadata,,resolved,,public_download,permitted_research,https://www.gsj.jp/license/index.html,dataset,true,not_evaluated_for_project_output,2026-08-06T10:05:00Z
rec-observation-v2%7Cjapan-gsj-marine-sediment%7Csrc-source-record-v2%257Cjapan-gsj-marine-sediment%257C880002%257Cocean-noudo.csv%2523row%253D3%7CAs%7C,src-source-record-v2%7Cjapan-gsj-marine-sediment%7C880002%7Cocean-noudo.csv%23row%3D3,880002,As,13.2,ppm,sediment,published_marine_sediment_concentration,,,,36.7855,136.462,EPSG:4326,20,,,,,LicenseRef-GSJ-Government-Standard-Terms-2.0,government,japan-gsj-marine-sediment,ocean-noudo.csv#row=3,,,,,marine sediment,sediment_marine,dataset_constant,,能登〜富山湾 / GH88,能登〜富山湾,,GH88,,,,,marine,,,,,,,,,,,,,,not_reported,,,,,,,,,,,not_reported_in_concentration_csv,,doi:10.5571/synth.3.281,10.5571/synth.3.281,"[""Imai, N. et al. (2010). Geochemical Map of Sea and Land of Japan. Synthesiology 3, 281-291. https://doi.org/10.5571/synth.3.281; official marine concentration CSV.""]",dataset,dataset_metadata,,resolved,,public_download,permitted_research,https://www.gsj.jp/license/index.html,dataset,true,not_evaluated_for_project_output,2026-08-06T10:05:00Z
rec-observation-v2%7Cjapan-gsj-marine-sediment%7Csrc-source-record-v2%257Cjapan-gsj-marine-sediment%257C880002%257Cocean-noudo.csv%2523row%253D3%7CCr%7C,src-source-record-v2%7Cjapan-gsj-marine-sediment%7C880002%7Cocean-noudo.csv%23row%3D3,880002,Cr,23.32,ppm,sediment,published_marine_sediment_concentration,,,,36.7855,136.462,EPSG:4326,20,,,,,LicenseRef-GSJ-Government-Standard-Terms-2.0,government,japan-gsj-marine-sediment,ocean-noudo.csv#row=3,,,,,marine sediment,sediment_marine,dataset_constant,,能登〜富山湾 / GH88,能登〜富山湾,,GH88,,,,,marine,,,,,,,,,,,,,,not_reported,,,,,,,,,,,not_reported_in_concentration_csv,,doi:10.5571/synth.3.281,10.5571/synth.3.281,"[""Imai, N. et al. (2010). Geochemical Map of Sea and Land of Japan. Synthesiology 3, 281-291. https://doi.org/10.5571/synth.3.281; official marine concentration CSV.""]",dataset,dataset_metadata,,resolved,,public_download,permitted_research,https://www.gsj.jp/license/index.html,dataset,true,not_evaluated_for_project_output,2026-08-06T10:05:00Z
rec-observation-v2%7Cjapan-gsj-marine-sediment%7Csrc-source-record-v2%257Cjapan-gsj-marine-sediment%257C880002%257Cocean-noudo.csv%2523row%253D3%7CCu%7C,src-source-record-v2%7Cjapan-gsj-marine-sediment%7C880002%7Cocean-noudo.csv%23row%3D3,880002,Cu,10.158,ppm,sediment,published_marine_sediment_concentration,,,,36.7855,136.462,EPSG:4326,20,,,,,LicenseRef-GSJ-Government-Standard-Terms-2.0,government,japan-gsj-marine-sediment,ocean-noudo.csv#row=3,,,,,marine sediment,sediment_marine,dataset_constant,,能登〜富山湾 / GH88,能登〜富山湾,,GH88,,,,,marine,,,,,,,,,,,,,,not_reported,,,,,,,,,,,not_reported_in_concentration_csv,,doi:10.5571/synth.3.281,10.5571/synth.3.281,"[""Imai, N. et al. (2010). Geochemical Map of Sea and Land of Japan. Synthesiology 3, 281-291. https://doi.org/10.5571/synth.3.281; official marine concentration CSV.""]",dataset,dataset_metadata,,resolved,,public_download,permitted_research,https://www.gsj.jp/license/index.html,dataset,true,not_evaluated_for_project_output,2026-08-06T10:05:00Z
rec-observation-v2%7Cjapan-gsj-marine-sediment%7Csrc-source-record-v2%257Cjapan-gsj-marine-sediment%257C880002%257Cocean-noudo.csv%2523row%253D3%7CHg%7C,src-source-record-v2%7Cjapan-gsj-marine-sediment%7C880002%7Cocean-noudo.csv%23row%3D3,880002,Hg,40,ppb,sediment,published_marine_sediment_concentration,,,,36.7855,136.462,EPSG:4326,20,,,,,LicenseRef-GSJ-Government-Standard-Terms-2.0,government,japan-gsj-marine-sediment,ocean-noudo.csv#row=3,,,,,marine sediment,sediment_marine,dataset_constant,,能登〜富山湾 / GH88,能登〜富山湾,,GH88,,,,,marine,,,,,,,,,,,,,,not_reported,,,,,,,,,,,not_reported_in_concentration_csv,,doi:10.5571/synth.3.281,10.5571/synth.3.281,"[""Imai, N. et al. (2010). Geochemical Map of Sea and Land of Japan. Synthesiology 3, 281-291. https://doi.org/10.5571/synth.3.281; official marine concentration CSV.""]",dataset,dataset_metadata,,resolved,,public_download,permitted_research,https://www.gsj.jp/license/index.html,dataset,true,not_evaluated_for_project_output,2026-08-06T10:05:00Z
rec-observation-v2%7Cjapan-gsj-marine-sediment%7Csrc-source-record-v2%257Cjapan-gsj-marine-sediment%257C880002%257Cocean-noudo.csv%2523row%253D3%7CNi%7C,src-source-record-v2%7Cjapan-gsj-marine-sediment%7C880002%7Cocean-noudo.csv%23row%3D3,880002,Ni,14.064,ppm,sediment,published_marine_sediment_concentration,,,,36.7855,136.462,EPSG:4326,20,,,,,LicenseRef-GSJ-Government-Standard-Terms-2.0,government,japan-gsj-marine-sediment,ocean-noudo.csv#row=3,,,,,marine sediment,sediment_marine,dataset_constant,,能登〜富山湾 / GH88,能登〜富山湾,,GH88,,,,,marine,,,,,,,,,,,,,,not_reported,,,,,,,,,,,not_reported_in_concentration_csv,,doi:10.5571/synth.3.281,10.5571/synth.3.281,"[""Imai, N. et al. (2010). Geochemical Map of Sea and Land of Japan. Synthesiology 3, 281-291. https://doi.org/10.5571/synth.3.281; official marine concentration CSV.""]",dataset,dataset_metadata,,resolved,,public_download,permitted_research,https://www.gsj.jp/license/index.html,dataset,true,not_evaluated_for_project_output,2026-08-06T10:05:00Z
rec-observation-v2%7Cjapan-gsj-marine-sediment%7Csrc-source-record-v2%257Cjapan-gsj-marine-sediment%257C880002%257Cocean-noudo.csv%2523row%253D3%7CPb%7C,src-source-record-v2%7Cjapan-gsj-marine-sediment%7C880002%7Cocean-noudo.csv%23row%3D3,880002,Pb,23.627,ppm,sediment,published_marine_sediment_concentration,,,,36.7855,136.462,EPSG:4326,20,,,,,LicenseRef-GSJ-Government-Standard-Terms-2.0,government,japan-gsj-marine-sediment,ocean-noudo.csv#row=3,,,,,marine sediment,sediment_marine,dataset_constant,,能登〜富山湾 / GH88,能登〜富山湾,,GH88,,,,,marine,,,,,,,,,,,,,,not_reported,,,,,,,,,,,not_reported_in_concentration_csv,,doi:10.5571/synth.3.281,10.5571/synth.3.281,"[""Imai, N. et al. (2010). Geochemical Map of Sea and Land of Japan. Synthesiology 3, 281-291. https://doi.org/10.5571/synth.3.281; official marine concentration CSV.""]",dataset,dataset_metadata,,resolved,,public_download,permitted_research,https://www.gsj.jp/license/index.html,dataset,true,not_evaluated_for_project_output,2026-08-06T10:05:00Z
rec-observation-v2%7Cjapan-gsj-marine-sediment%7Csrc-source-record-v2%257Cjapan-gsj-marine-sediment%257C880002%257Cocean-noudo.csv%2523row%253D3%7CZn%7C,src-source-record-v2%7Cjapan-gsj-marine-sediment%7C880002%7Cocean-noudo.csv%23row%3D3,880002,Zn,60.992,ppm,sediment,published_marine_sediment_concentration,,,,36.7855,136.462,EPSG:4326,20,,,,,LicenseRef-GSJ-Government-Standard-Terms-2.0,government,japan-gsj-marine-sediment,ocean-noudo.csv#row=3,,,,,marine sediment,sediment_marine,dataset_constant,,能登〜富山湾 / GH88,能登〜富山湾,,GH88,,,,,marine,,,,,,,,,,,,,,not_reported,,,,,,,,,,,not_reported_in_concentration_csv,,doi:10.5571/synth.3.281,10.5571/synth.3.281,"[""Imai, N. et al. (2010). Geochemical Map of Sea and Land of Japan. Synthesiology 3, 281-291. https://doi.org/10.5571/synth.3.281; official marine concentration CSV.""]",dataset,dataset_metadata,,resolved,,public_download,permitted_research,https://www.gsj.jp/license/index.html,dataset,true,not_evaluated_for_project_output,2026-08-06T10:05:00Z
rec-observation-v2%7Cjapan-gsj-marine-sediment%7Csrc-source-record-v2%257Cjapan-gsj-marine-sediment%257C880003%257Cocean-noudo.csv%2523row%253D4%7CAs%7C,src-source-record-v2%7Cjapan-gsj-marine-sediment%7C880003%7Cocean-noudo.csv%23row%3D4,880003,As,10.6,ppm,sediment,published_marine_sediment_concentration,,,,36.9137,136.5002,EPSG:4326,20,,,,,LicenseRef-GSJ-Government-Standard-Terms-2.0,government,japan-gsj-marine-sediment,ocean-noudo.csv#row=4,,,,,marine sediment,sediment_marine,dataset_constant,,能登〜富山湾 / GH88,能登〜富山湾,,GH88,,,,,marine,,,,,,,,,,,,,,not_reported,,,,,,,,,,,not_reported_in_concentration_csv,,doi:10.5571/synth.3.281,10.5571/synth.3.281,"[""Imai, N. et al. (2010). Geochemical Map of Sea and Land of Japan. Synthesiology 3, 281-291. https://doi.org/10.5571/synth.3.281; official marine concentration CSV.""]",dataset,dataset_metadata,,resolved,,public_download,permitted_research,https://www.gsj.jp/license/index.html,dataset,true,not_evaluated_for_project_output,2026-08-06T10:05:00Z
rec-observation-v2%7Cjapan-gsj-marine-sediment%7Csrc-source-record-v2%257Cjapan-gsj-marine-sediment%257C880003%257Cocean-noudo.csv%2523row%253D4%7CCr%7C,src-source-record-v2%7Cjapan-gsj-marine-sediment%7C880003%7Cocean-noudo.csv%23row%3D4,880003,Cr,22.68,ppm,sediment,published_marine_sediment_concentration,,,,36.9137,136.5002,EPSG:4326,20,,,,,LicenseRef-GSJ-Government-Standard-Terms-2.0,government,japan-gsj-marine-sediment,ocean-noudo.csv#row=4,,,,,marine sediment,sediment_marine,dataset_constant,,能登〜富山湾 / GH88,能登〜富山湾,,GH88,,,,,marine,,,,,,,,,,,,,,not_reported,,,,,,,,,,,not_reported_in_concentration_csv,,doi:10.5571/synth.3.281,10.5571/synth.3.281,"[""Imai, N. et al. (2010). Geochemical Map of Sea and Land of Japan. Synthesiology 3, 281-291. https://doi.org/10.5571/synth.3.281; official marine concentration CSV.""]",dataset,dataset_metadata,,resolved,,public_download,permitted_research,https://www.gsj.jp/license/index.html,dataset,true,not_evaluated_for_project_output,2026-08-06T10:05:00Z
rec-observation-v2%7Cjapan-gsj-marine-sediment%7Csrc-source-record-v2%257Cjapan-gsj-marine-sediment%257C880003%257Cocean-noudo.csv%2523row%253D4%7CCu%7C,src-source-record-v2%7Cjapan-gsj-marine-sediment%7C880003%7Cocean-noudo.csv%23row%3D4,880003,Cu,9.754,ppm,sediment,published_marine_sediment_concentration,,,,36.9137,136.5002,EPSG:4326,20,,,,,LicenseRef-GSJ-Government-Standard-Terms-2.0,government,japan-gsj-marine-sediment,ocean-noudo.csv#row=4,,,,,marine sediment,sediment_marine,dataset_constant,,能登〜富山湾 / GH88,能登〜富山湾,,GH88,,,,,marine,,,,,,,,,,,,,,not_reported,,,,,,,,,,,not_reported_in_concentration_csv,,doi:10.5571/synth.3.281,10.5571/synth.3.281,"[""Imai, N. et al. (2010). Geochemical Map of Sea and Land of Japan. Synthesiology 3, 281-291. https://doi.org/10.5571/synth.3.281; official marine concentration CSV.""]",dataset,dataset_metadata,,resolved,,public_download,permitted_research,https://www.gsj.jp/license/index.html,dataset,true,not_evaluated_for_project_output,2026-08-06T10:05:00Z
rec-observation-v2%7Cjapan-gsj-marine-sediment%7Csrc-source-record-v2%257Cjapan-gsj-marine-sediment%257C880003%257Cocean-noudo.csv%2523row%253D4%7CHg%7C,src-source-record-v2%7Cjapan-gsj-marine-sediment%7C880003%7Cocean-noudo.csv%23row%3D4,880003,Hg,30,ppb,sediment,published_marine_sediment_concentration,,,,36.9137,136.5002,EPSG:4326,20,,,,,LicenseRef-GSJ-Government-Standard-Terms-2.0,government,japan-gsj-marine-sediment,ocean-noudo.csv#row=4,,,,,marine sediment,sediment_marine,dataset_constant,,能登〜富山湾 / GH88,能登〜富山湾,,GH88,,,,,marine,,,,,,,,,,,,,,not_reported,,,,,,,,,,,not_reported_in_concentration_csv,,doi:10.5571/synth.3.281,10.5571/synth.3.281,"[""Imai, N. et al. (2010). Geochemical Map of Sea and Land of Japan. Synthesiology 3, 281-291. https://doi.org/10.5571/synth.3.281; official marine concentration CSV.""]",dataset,dataset_metadata,,resolved,,public_download,permitted_research,https://www.gsj.jp/license/index.html,dataset,true,not_evaluated_for_project_output,2026-08-06T10:05:00Z
rec-observation-v2%7Cjapan-gsj-marine-sediment%7Csrc-source-record-v2%257Cjapan-gsj-marine-sediment%257C880003%257Cocean-noudo.csv%2523row%253D4%7CNi%7C,src-source-record-v2%7Cjapan-gsj-marine-sediment%7C880003%7Cocean-noudo.csv%23row%3D4,880003,Ni,11.64,ppm,sediment,published_marine_sediment_concentration,,,,36.9137,136.5002,EPSG:4326,20,,,,,LicenseRef-GSJ-Government-Standard-Terms-2.0,government,japan-gsj-marine-sediment,ocean-noudo.csv#row=4,,,,,marine sediment,sediment_marine,dataset_constant,,能登〜富山湾 / GH88,能登〜富山湾,,GH88,,,,,marine,,,,,,,,,,,,,,not_reported,,,,,,,,,,,not_reported_in_concentration_csv,,doi:10.5571/synth.3.281,10.5571/synth.3.281,"[""Imai, N. et al. (2010). Geochemical Map of Sea and Land of Japan. Synthesiology 3, 281-291. https://doi.org/10.5571/synth.3.281; official marine concentration CSV.""]",dataset,dataset_metadata,,resolved,,public_download,permitted_research,https://www.gsj.jp/license/index.html,dataset,true,not_evaluated_for_project_output,2026-08-06T10:05:00Z
rec-observation-v2%7Cjapan-gsj-marine-sediment%7Csrc-source-record-v2%257Cjapan-gsj-marine-sediment%257C880003%257Cocean-noudo.csv%2523row%253D4%7CPb%7C,src-source-record-v2%7Cjapan-gsj-marine-sediment%7C880003%7Cocean-noudo.csv%23row%3D4,880003,Pb,21.812,ppm,sediment,published_marine_sediment_concentration,,,,36.9137,136.5002,EPSG:4326,20,,,,,LicenseRef-GSJ-Government-Standard-Terms-2.0,government,japan-gsj-marine-sediment,ocean-noudo.csv#row=4,,,,,marine sediment,sediment_marine,dataset_constant,,能登〜富山湾 / GH88,能登〜富山湾,,GH88,,,,,marine,,,,,,,,,,,,,,not_reported,,,,,,,,,,,not_reported_in_concentration_csv,,doi:10.5571/synth.3.281,10.5571/synth.3.281,"[""Imai, N. et al. (2010). Geochemical Map of Sea and Land of Japan. Synthesiology 3, 281-291. https://doi.org/10.5571/synth.3.281; official marine concentration CSV.""]",dataset,dataset_metadata,,resolved,,public_download,permitted_research,https://www.gsj.jp/license/index.html,dataset,true,not_evaluated_for_project_output,2026-08-06T10:05:00Z
rec-observation-v2%7Cjapan-gsj-marine-sediment%7Csrc-source-record-v2%257Cjapan-gsj-marine-sediment%257C880003%257Cocean-noudo.csv%2523row%253D4%7CZn%7C,src-source-record-v2%7Cjapan-gsj-marine-sediment%7C880003%7Cocean-noudo.csv%23row%3D4,880003,Zn,56.916,ppm,sediment,published_marine_sediment_concentration,,,,36.9137,136.5002,EPSG:4326,20,,,,,LicenseRef-GSJ-Government-Standard-Terms-2.0,government,japan-gsj-marine-sediment,ocean-noudo.csv#row=4,,,,,marine sediment,sediment_marine,dataset_constant,,能登〜富山湾 / GH88,能登〜富山湾,,GH88,,,,,marine,,,,,,,,,,,,,,not_reported,,,,,,,,,,,not_reported_in_concentration_csv,,doi:10.5571/synth.3.281,10.5571/synth.3.281,"[""Imai, N. et al. (2010). Geochemical Map of Sea and Land of Japan. Synthesiology 3, 281-291. https://doi.org/10.5571/synth.3.281; official marine concentration CSV.""]",dataset,dataset_metadata,,resolved,,public_download,permitted_research,https://www.gsj.jp/license/index.html,dataset,true,not_evaluated_for_project_output,2026-08-06T10:05:00Z
rec-observation-v2%7Cjapan-gsj-marine-sediment%7Csrc-source-record-v2%257Cjapan-gsj-marine-sediment%257C880004%257Cocean-noudo.csv%2523row%253D5%7CAs%7C,src-source-record-v2%7Cjapan-gsj-marine-sediment%7C880004%7Cocean-noudo.csv%23row%3D5,880004,As,12.9,ppm,sediment,published_marine_sediment_concentration,,,,36.9522,136.6287,EPSG:4326,20,,,,,LicenseRef-GSJ-Government-Standard-Terms-2.0,government,japan-gsj-marine-sediment,ocean-noudo.csv#row=5,,,,,marine sediment,sediment_marine,dataset_constant,,能登〜富山湾 / GH88,能登〜富山湾,,GH88,,,,,marine,,,,,,,,,,,,,,not_reported,,,,,,,,,,,not_reported_in_concentration_csv,,doi:10.5571/synth.3.281,10.5571/synth.3.281,"[""Imai, N. et al. (2010). Geochemical Map of Sea and Land of Japan. Synthesiology 3, 281-291. https://doi.org/10.5571/synth.3.281; official marine concentration CSV.""]",dataset,dataset_metadata,,resolved,,public_download,permitted_research,https://www.gsj.jp/license/index.html,dataset,true,not_evaluated_for_project_output,2026-08-06T10:05:00Z
rec-observation-v2%7Cjapan-gsj-marine-sediment%7Csrc-source-record-v2%257Cjapan-gsj-marine-sediment%257C880004%257Cocean-noudo.csv%2523row%253D5%7CCr%7C,src-source-record-v2%7Cjapan-gsj-marine-sediment%7C880004%7Cocean-noudo.csv%23row%3D5,880004,Cr,33.509,ppm,sediment,published_marine_sediment_concentration,,,,36.9522,136.6287,EPSG:4326,20,,,,,LicenseRef-GSJ-Government-Standard-Terms-2.0,government,japan-gsj-marine-sediment,ocean-noudo.csv#row=5,,,,,marine sediment,sediment_marine,dataset_constant,,能登〜富山湾 / GH88,能登〜富山湾,,GH88,,,,,marine,,,,,,,,,,,,,,not_reported,,,,,,,,,,,not_reported_in_concentration_csv,,doi:10.5571/synth.3.281,10.5571/synth.3.281,"[""Imai, N. et al. (2010). Geochemical Map of Sea and Land of Japan. Synthesiology 3, 281-291. https://doi.org/10.5571/synth.3.281; official marine concentration CSV.""]",dataset,dataset_metadata,,resolved,,public_download,permitted_research,https://www.gsj.jp/license/index.html,dataset,true,not_evaluated_for_project_output,2026-08-06T10:05:00Z
rec-observation-v2%7Cjapan-gsj-marine-sediment%7Csrc-source-record-v2%257Cjapan-gsj-marine-sediment%257C880004%257Cocean-noudo.csv%2523row%253D5%7CCu%7C,src-source-record-v2%7Cjapan-gsj-marine-sediment%7C880004%7Cocean-noudo.csv%23row%3D5,880004,Cu,10.266,ppm,sediment,published_marine_sediment_concentration,,,,36.9522,136.6287,EPSG:4326,20,,,,,LicenseRef-GSJ-Government-Standard-Terms-2.0,government,japan-gsj-marine-sediment,ocean-noudo.csv#row=5,,,,,marine sediment,sediment_marine,dataset_constant,,能登〜富山湾 / GH88,能登〜富山湾,,GH88,,,,,marine,,,,,,,,,,,,,,not_reported,,,,,,,,,,,not_reported_in_concentration_csv,,doi:10.5571/synth.3.281,10.5571/synth.3.281,"[""Imai, N. et al. (2010). Geochemical Map of Sea and Land of Japan. Synthesiology 3, 281-291. https://doi.org/10.5571/synth.3.281; official marine concentration CSV.""]",dataset,dataset_metadata,,resolved,,public_download,permitted_research,https://www.gsj.jp/license/index.html,dataset,true,not_evaluated_for_project_output,2026-08-06T10:05:00Z
rec-observation-v2%7Cjapan-gsj-marine-sediment%7Csrc-source-record-v2%257Cjapan-gsj-marine-sediment%257C880004%257Cocean-noudo.csv%2523row%253D5%7CHg%7C,src-source-record-v2%7Cjapan-gsj-marine-sediment%7C880004%7Cocean-noudo.csv%23row%3D5,880004,Hg,30,ppb,sediment,published_marine_sediment_concentration,,,,36.9522,136.6287,EPSG:4326,20,,,,,LicenseRef-GSJ-Government-Standard-Terms-2.0,government,japan-gsj-marine-sediment,ocean-noudo.csv#row=5,,,,,marine sediment,sediment_marine,dataset_constant,,能登〜富山湾 / GH88,能登〜富山湾,,GH88,,,,,marine,,,,,,,,,,,,,,not_reported,,,,,,,,,,,not_reported_in_concentration_csv,,doi:10.5571/synth.3.281,10.5571/synth.3.281,"[""Imai, N. et al. (2010). Geochemical Map of Sea and Land of Japan. Synthesiology 3, 281-291. https://doi.org/10.5571/synth.3.281; official marine concentration CSV.""]",dataset,dataset_metadata,,resolved,,public_download,permitted_research,https://www.gsj.jp/license/index.html,dataset,true,not_evaluated_for_project_output,2026-08-06T10:05:00Z
rec-observation-v2%7Cjapan-gsj-marine-sediment%7Csrc-source-record-v2%257Cjapan-gsj-marine-sediment%257C880004%257Cocean-noudo.csv%2523row%253D5%7CNi%7C,src-source-record-v2%7Cjapan-gsj-marine-sediment%7C880004%7Cocean-noudo.csv%23row%3D5,880004,Ni,12.213,ppm,sediment,published_marine_sediment_concentration,,,,36.9522,136.6287,EPSG:4326,20,,,,,LicenseRef-GSJ-Government-Standard-Terms-2.0,government,japan-gsj-marine-sediment,ocean-noudo.csv#row=5,,,,,marine sediment,sediment_marine,dataset_constant,,能登〜富山湾 / GH88,能登〜富山湾,,GH88,,,,,marine,,,,,,,,,,,,,,not_reported,,,,,,,,,,,not_reported_in_concentration_csv,,doi:10.5571/synth.3.281,10.5571/synth.3.281,"[""Imai, N. et al. (2010). Geochemical Map of Sea and Land of Japan. Synthesiology 3, 281-291. https://doi.org/10.5571/synth.3.281; official marine concentration CSV.""]",dataset,dataset_metadata,,resolved,,public_download,permitted_research,https://www.gsj.jp/license/index.html,dataset,true,not_evaluated_for_project_output,2026-08-06T10:05:00Z
rec-observation-v2%7Cjapan-gsj-marine-sediment%7Csrc-source-record-v2%257Cjapan-gsj-marine-sediment%257C880004%257Cocean-noudo.csv%2523row%253D5%7CPb%7C,src-source-record-v2%7Cjapan-gsj-marine-sediment%7C880004%7Cocean-noudo.csv%23row%3D5,880004,Pb,25.466,ppm,sediment,published_marine_sediment_concentration,,,,36.9522,136.6287,EPSG:4326,20,,,,,LicenseRef-GSJ-Government-Standard-Terms-2.0,government,japan-gsj-marine-sediment,ocean-noudo.csv#row=5,,,,,marine sediment,sediment_marine,dataset_constant,,能登〜富山湾 / GH88,能登〜富山湾,,GH88,,,,,marine,,,,,,,,,,,,,,not_reported,,,,,,,,,,,not_reported_in_concentration_csv,,doi:10.5571/synth.3.281,10.5571/synth.3.281,"[""Imai, N. et al. (2010). Geochemical Map of Sea and Land of Japan. Synthesiology 3, 281-291. https://doi.org/10.5571/synth.3.281; official marine concentration CSV.""]",dataset,dataset_metadata,,resolved,,public_download,permitted_research,https://www.gsj.jp/license/index.html,dataset,true,not_evaluated_for_project_output,2026-08-06T10:05:00Z
rec-observation-v2%7Cjapan-gsj-marine-sediment%7Csrc-source-record-v2%257Cjapan-gsj-marine-sediment%257C880004%257Cocean-noudo.csv%2523row%253D5%7CZn%7C,src-source-record-v2%7Cjapan-gsj-marine-sediment%7C880004%7Cocean-noudo.csv%23row%3D5,880004,Zn,81.393,ppm,sediment,published_marine_sediment_concentration,,,,36.9522,136.6287,EPSG:4326,20,,,,,LicenseRef-GSJ-Government-Standard-Terms-2.0,government,japan-gsj-marine-sediment,ocean-noudo.csv#row=5,,,,,marine sediment,sediment_marine,dataset_constant,,能登〜富山湾 / GH88,能登〜富山湾,,GH88,,,,,marine,,,,,,,,,,,,,,not_reported,,,,,,,,,,,not_reported_in_concentration_csv,,doi:10.5571/synth.3.281,10.5571/synth.3.281,"[""Imai, N. et al. (2010). Geochemical Map of Sea and Land of Japan. Synthesiology 3, 281-291. https://doi.org/10.5571/synth.3.281; official marine concentration CSV.""]",dataset,dataset_metadata,,resolved,,public_download,permitted_research,https://www.gsj.jp/license/index.html,dataset,true,not_evaluated_for_project_output,2026-08-06T10:05:00Z
rec-observation-v2%7Cjapan-gsj-marine-sediment%7Csrc-source-record-v2%257Cjapan-gsj-marine-sediment%257C880005%257Cocean-noudo.csv%2523row%253D6%7CAs%7C,src-source-record-v2%7Cjapan-gsj-marine-sediment%7C880005%7Cocean-noudo.csv%23row%3D6,880005,As,8,ppm,sediment,published_marine_sediment_concentration,,,,37.0425,136.5282,EPSG:4326,20,,,,,LicenseRef-GSJ-Government-Standard-Terms-2.0,government,japan-gsj-marine-sediment,ocean-noudo.csv#row=6,,,,,marine sediment,sediment_marine,dataset_constant,,能登〜富山湾 / GH88,能登〜富山湾,,GH88,,,,,marine,,,,,,,,,,,,,,not_reported,,,,,,,,,,,not_reported_in_concentration_csv,,doi:10.5571/synth.3.281,10.5571/synth.3.281,"[""Imai, N. et al. (2010). Geochemical Map of Sea and Land of Japan. Synthesiology 3, 281-291. https://doi.org/10.5571/synth.3.281; official marine concentration CSV.""]",dataset,dataset_metadata,,resolved,,public_download,permitted_research,https://www.gsj.jp/license/index.html,dataset,true,not_evaluated_for_project_output,2026-08-06T10:05:00Z
rec-observation-v2%7Cjapan-gsj-marine-sediment%7Csrc-source-record-v2%257Cjapan-gsj-marine-sediment%257C880005%257Cocean-noudo.csv%2523row%253D6%7CCr%7C,src-source-record-v2%7Cjapan-gsj-marine-sediment%7C880005%7Cocean-noudo.csv%23row%3D6,880005,Cr,41.641,ppm,sediment,published_marine_sediment_concentration,,,,37.0425,136.5282,EPSG:4326,20,,,,,LicenseRef-GSJ-Government-Standard-Terms-2.0,government,japan-gsj-marine-sediment,ocean-noudo.csv#row=6,,,,,marine sediment,sediment_marine,dataset_constant,,能登〜富山湾 / GH88,能登〜富山湾,,GH88,,,,,marine,,,,,,,,,,,,,,not_reported,,,,,,,,,,,not_reported_in_concentration_csv,,doi:10.5571/synth.3.281,10.5571/synth.3.281,"[""Imai, N. et al. (2010). Geochemical Map of Sea and Land of Japan. Synthesiology 3, 281-291. https://doi.org/10.5571/synth.3.281; official marine concentration CSV.""]",dataset,dataset_metadata,,resolved,,public_download,permitted_research,https://www.gsj.jp/license/index.html,dataset,true,not_evaluated_for_project_output,2026-08-06T10:05:00Z
rec-observation-v2%7Cjapan-gsj-marine-sediment%7Csrc-source-record-v2%257Cjapan-gsj-marine-sediment%257C880005%257Cocean-noudo.csv%2523row%253D6%7CCu%7C,src-source-record-v2%7Cjapan-gsj-marine-sediment%7C880005%7Cocean-noudo.csv%23row%3D6,880005,Cu,11.256,ppm,sediment,published_marine_sediment_concentration,,,,37.0425,136.5282,EPSG:4326,20,,,,,LicenseRef-GSJ-Government-Standard-Terms-2.0,government,japan-gsj-marine-sediment,ocean-noudo.csv#row=6,,,,,marine sediment,sediment_marine,dataset_constant,,能登〜富山湾 / GH88,能登〜富山湾,,GH88,,,,,marine,,,,,,,,,,,,,,not_reported,,,,,,,,,,,not_reported_in_concentration_csv,,doi:10.5571/synth.3.281,10.5571/synth.3.281,"[""Imai, N. et al. (2010). Geochemical Map of Sea and Land of Japan. Synthesiology 3, 281-291. https://doi.org/10.5571/synth.3.281; official marine concentration CSV.""]",dataset,dataset_metadata,,resolved,,public_download,permitted_research,https://www.gsj.jp/license/index.html,dataset,true,not_evaluated_for_project_output,2026-08-06T10:05:00Z
rec-observation-v2%7Cjapan-gsj-marine-sediment%7Csrc-source-record-v2%257Cjapan-gsj-marine-sediment%257C880005%257Cocean-noudo.csv%2523row%253D6%7CHg%7C,src-source-record-v2%7Cjapan-gsj-marine-sediment%7C880005%7Cocean-noudo.csv%23row%3D6,880005,Hg,30,ppb,sediment,published_marine_sediment_concentration,,,,37.0425,136.5282,EPSG:4326,20,,,,,LicenseRef-GSJ-Government-Standard-Terms-2.0,government,japan-gsj-marine-sediment,ocean-noudo.csv#row=6,,,,,marine sediment,sediment_marine,dataset_constant,,能登〜富山湾 / GH88,能登〜富山湾,,GH88,,,,,marine,,,,,,,,,,,,,,not_reported,,,,,,,,,,,not_reported_in_concentration_csv,,doi:10.5571/synth.3.281,10.5571/synth.3.281,"[""Imai, N. et al. (2010). Geochemical Map of Sea and Land of Japan. Synthesiology 3, 281-291. https://doi.org/10.5571/synth.3.281; official marine concentration CSV.""]",dataset,dataset_metadata,,resolved,,public_download,permitted_research,https://www.gsj.jp/license/index.html,dataset,true,not_evaluated_for_project_output,2026-08-06T10:05:00Z
rec-observation-v2%7Cjapan-gsj-marine-sediment%7Csrc-source-record-v2%257Cjapan-gsj-marine-sediment%257C880005%257Cocean-noudo.csv%2523row%253D6%7CNi%7C,src-source-record-v2%7Cjapan-gsj-marine-sediment%7C880005%7Cocean-noudo.csv%23row%3D6,880005,Ni,18.687,ppm,sediment,published_marine_sediment_concentration,,,,37.0425,136.5282,EPSG:4326,20,,,,,LicenseRef-GSJ-Government-Standard-Terms-2.0,government,japan-gsj-marine-sediment,ocean-noudo.csv#row=6,,,,,marine sediment,sediment_marine,dataset_constant,,能登〜富山湾 / GH88,能登〜富山湾,,GH88,,,,,marine,,,,,,,,,,,,,,not_reported,,,,,,,,,,,not_reported_in_concentration_csv,,doi:10.5571/synth.3.281,10.5571/synth.3.281,"[""Imai, N. et al. (2010). Geochemical Map of Sea and Land of Japan. Synthesiology 3, 281-291. https://doi.org/10.5571/synth.3.281; official marine concentration CSV.""]",dataset,dataset_metadata,,resolved,,public_download,permitted_research,https://www.gsj.jp/license/index.html,dataset,true,not_evaluated_for_project_output,2026-08-06T10:05:00Z
rec-observation-v2%7Cjapan-gsj-marine-sediment%7Csrc-source-record-v2%257Cjapan-gsj-marine-sediment%257C880005%257Cocean-noudo.csv%2523row%253D6%7CPb%7C,src-source-record-v2%7Cjapan-gsj-marine-sediment%7C880005%7Cocean-noudo.csv%23row%3D6,880005,Pb,23.571,ppm,sediment,published_marine_sediment_concentration,,,,37.0425,136.5282,EPSG:4326,20,,,,,LicenseRef-GSJ-Government-Standard-Terms-2.0,government,japan-gsj-marine-sediment,ocean-noudo.csv#row=6,,,,,marine sediment,sediment_marine,dataset_constant,,能登〜富山湾 / GH88,能登〜富山湾,,GH88,,,,,marine,,,,,,,,,,,,,,not_reported,,,,,,,,,,,not_reported_in_concentration_csv,,doi:10.5571/synth.3.281,10.5571/synth.3.281,"[""Imai, N. et al. (2010). Geochemical Map of Sea and Land of Japan. Synthesiology 3, 281-291. https://doi.org/10.5571/synth.3.281; official marine concentration CSV.""]",dataset,dataset_metadata,,resolved,,public_download,permitted_research,https://www.gsj.jp/license/index.html,dataset,true,not_evaluated_for_project_output,2026-08-06T10:05:00Z
rec-observation-v2%7Cjapan-gsj-marine-sediment%7Csrc-source-record-v2%257Cjapan-gsj-marine-sediment%257C880005%257Cocean-noudo.csv%2523row%253D6%7CZn%7C,src-source-record-v2%7Cjapan-gsj-marine-sediment%7C880005%7Cocean-noudo.csv%23row%3D6,880005,Zn,84.014,ppm,sediment,published_marine_sediment_concentration,,,,37.0425,136.5282,EPSG:4326,20,,,,,LicenseRef-GSJ-Government-Standard-Terms-2.0,government,japan-gsj-marine-sediment,ocean-noudo.csv#row=6,,,,,marine sediment,sediment_marine,dataset_constant,,能登〜富山湾 / GH88,能登〜富山湾,,GH88,,,,,marine,,,,,,,,,,,,,,not_reported,,,,,,,,,,,not_reported_in_concentration_csv,,doi:10.5571/synth.3.281,10.5571/synth.3.281,"[""Imai, N. et al. (2010). Geochemical Map of Sea and Land of Japan. Synthesiology 3, 281-291. https://doi.org/10.5571/synth.3.281; official marine concentration CSV.""]",dataset,dataset_metadata,,resolved,,public_download,permitted_research,https://www.gsj.jp/license/index.html,dataset,true,not_evaluated_for_project_output,2026-08-06T10:05:00Z
rec-observation-v2%7Cjapan-gsj-marine-sediment%7Csrc-source-record-v2%257Cjapan-gsj-marine-sediment%257C880006%257Cocean-noudo.csv%2523row%253D7%7CAs%7C,src-source-record-v2%7Cjapan-gsj-marine-sediment%7C880006%7Cocean-noudo.csv%23row%3D7,880006,As,15.2,ppm,sediment,published_marine_sediment_concentration,,,,37.0812,136.6602,EPSG:4326,20,,,,,LicenseRef-GSJ-Government-Standard-Terms-2.0,government,japan-gsj-marine-sediment,ocean-noudo.csv#row=7,,,,,marine sediment,sediment_marine,dataset_constant,,能登〜富山湾 / GH88,能登〜富山湾,,GH88,,,,,marine,,,,,,,,,,,,,,not_reported,,,,,,,,,,,not_reported_in_concentration_csv,,doi:10.5571/synth.3.281,10.5571/synth.3.281,"[""Imai, N. et al. (2010). Geochemical Map of Sea and Land of Japan. Synthesiology 3, 281-291. https://doi.org/10.5571/synth.3.281; official marine concentration CSV.""]",dataset,dataset_metadata,,resolved,,public_download,permitted_research,https://www.gsj.jp/license/index.html,dataset,true,not_evaluated_for_project_output,2026-08-06T10:05:00Z
rec-observation-v2%7Cjapan-gsj-marine-sediment%7Csrc-source-record-v2%257Cjapan-gsj-marine-sediment%257C880006%257Cocean-noudo.csv%2523row%253D7%7CCr%7C,src-source-record-v2%7Cjapan-gsj-marine-sediment%7C880006%7Cocean-noudo.csv%23row%3D7,880006,Cr,33.435,ppm,sediment,published_marine_sediment_concentration,,,,37.0812,136.6602,EPSG:4326,20,,,,,LicenseRef-GSJ-Government-Standard-Terms-2.0,government,japan-gsj-marine-sediment,ocean-noudo.csv#row=7,,,,,marine sediment,sediment_marine,dataset_constant,,能登〜富山湾 / GH88,能登〜富山湾,,GH88,,,,,marine,,,,,,,,,,,,,,not_reported,,,,,,,,,,,not_reported_in_concentration_csv,,doi:10.5571/synth.3.281,10.5571/synth.3.281,"[""Imai, N. et al. (2010). Geochemical Map of Sea and Land of Japan. Synthesiology 3, 281-291. https://doi.org/10.5571/synth.3.281; official marine concentration CSV.""]",dataset,dataset_metadata,,resolved,,public_download,permitted_research,https://www.gsj.jp/license/index.html,dataset,true,not_evaluated_for_project_output,2026-08-06T10:05:00Z
rec-observation-v2%7Cjapan-gsj-marine-sediment%7Csrc-source-record-v2%257Cjapan-gsj-marine-sediment%257C880006%257Cocean-noudo.csv%2523row%253D7%7CCu%7C,src-source-record-v2%7Cjapan-gsj-marine-sediment%7C880006%7Cocean-noudo.csv%23row%3D7,880006,Cu,14.577,ppm,sediment,published_marine_sediment_concentration,,,,37.0812,136.6602,EPSG:4326,20,,,,,LicenseRef-GSJ-Government-Standard-Terms-2.0,government,japan-gsj-marine-sediment,ocean-noudo.csv#row=7,,,,,marine sediment,sediment_marine,dataset_constant,,能登〜富山湾 / GH88,能登〜富山湾,,GH88,,,,,marine,,,,,,,,,,,,,,not_reported,,,,,,,,,,,not_reported_in_concentration_csv,,doi:10.5571/synth.3.281,10.5571/synth.3.281,"[""Imai, N. et al. (2010). Geochemical Map of Sea and Land of Japan. Synthesiology 3, 281-291. https://doi.org/10.5571/synth.3.281; official marine concentration CSV.""]",dataset,dataset_metadata,,resolved,,public_download,permitted_research,https://www.gsj.jp/license/index.html,dataset,true,not_evaluated_for_project_output,2026-08-06T10:05:00Z
rec-observation-v2%7Cjapan-gsj-marine-sediment%7Csrc-source-record-v2%257Cjapan-gsj-marine-sediment%257C880006%257Cocean-noudo.csv%2523row%253D7%7CHg%7C,src-source-record-v2%7Cjapan-gsj-marine-sediment%7C880006%7Cocean-noudo.csv%23row%3D7,880006,Hg,30,ppb,sediment,published_marine_sediment_concentration,,,,37.0812,136.6602,EPSG:4326,20,,,,,LicenseRef-GSJ-Government-Standard-Terms-2.0,government,japan-gsj-marine-sediment,ocean-noudo.csv#row=7,,,,,marine sediment,sediment_marine,dataset_constant,,能登〜富山湾 / GH88,能登〜富山湾,,GH88,,,,,marine,,,,,,,,,,,,,,not_reported,,,,,,,,,,,not_reported_in_concentration_csv,,doi:10.5571/synth.3.281,10.5571/synth.3.281,"[""Imai, N. et al. (2010). Geochemical Map of Sea and Land of Japan. Synthesiology 3, 281-291. https://doi.org/10.5571/synth.3.281; official marine concentration CSV.""]",dataset,dataset_metadata,,resolved,,public_download,permitted_research,https://www.gsj.jp/license/index.html,dataset,true,not_evaluated_for_project_output,2026-08-06T10:05:00Z
rec-observation-v2%7Cjapan-gsj-marine-sediment%7Csrc-source-record-v2%257Cjapan-gsj-marine-sediment%257C880006%257Cocean-noudo.csv%2523row%253D7%7CNi%7C,src-source-record-v2%7Cjapan-gsj-marine-sediment%7C880006%7Cocean-noudo.csv%23row%3D7,880006,Ni,13.858,ppm,sediment,published_marine_sediment_concentration,,,,37.0812,136.6602,EPSG:4326,20,,,,,LicenseRef-GSJ-Government-Standard-Terms-2.0,government,japan-gsj-marine-sediment,ocean-noudo.csv#row=7,,,,,marine sediment,sediment_marine,dataset_constant,,能登〜富山湾 / GH88,能登〜富山湾,,GH88,,,,,marine,,,,,,,,,,,,,,not_reported,,,,,,,,,,,not_reported_in_concentration_csv,,doi:10.5571/synth.3.281,10.5571/synth.3.281,"[""Imai, N. et al. (2010). Geochemical Map of Sea and Land of Japan. Synthesiology 3, 281-291. https://doi.org/10.5571/synth.3.281; official marine concentration CSV.""]",dataset,dataset_metadata,,resolved,,public_download,permitted_research,https://www.gsj.jp/license/index.html,dataset,true,not_evaluated_for_project_output,2026-08-06T10:05:00Z
rec-observation-v2%7Cjapan-gsj-marine-sediment%7Csrc-source-record-v2%257Cjapan-gsj-marine-sediment%257C880006%257Cocean-noudo.csv%2523row%253D7%7CPb%7C,src-source-record-v2%7Cjapan-gsj-marine-sediment%7C880006%7Cocean-noudo.csv%23row%3D7,880006,Pb,27.394,ppm,sediment,published_marine_sediment_concentration,,,,37.0812,136.6602,EPSG:4326,20,,,,,LicenseRef-GSJ-Government-Standard-Terms-2.0,government,japan-gsj-marine-sediment,ocean-noudo.csv#row=7,,,,,marine sediment,sediment_marine,dataset_constant,,能登〜富山湾 / GH88,能登〜富山湾,,GH88,,,,,marine,,,,,,,,,,,,,,not_reported,,,,,,,,,,,not_reported_in_concentration_csv,,doi:10.5571/synth.3.281,10.5571/synth.3.281,"[""Imai, N. et al. (2010). Geochemical Map of Sea and Land of Japan. Synthesiology 3, 281-291. https://doi.org/10.5571/synth.3.281; official marine concentration CSV.""]",dataset,dataset_metadata,,resolved,,public_download,permitted_research,https://www.gsj.jp/license/index.html,dataset,true,not_evaluated_for_project_output,2026-08-06T10:05:00Z
rec-observation-v2%7Cjapan-gsj-marine-sediment%7Csrc-source-record-v2%257Cjapan-gsj-marine-sediment%257C880006%257Cocean-noudo.csv%2523row%253D7%7CZn%7C,src-source-record-v2%7Cjapan-gsj-marine-sediment%7C880006%7Cocean-noudo.csv%23row%3D7,880006,Zn,94.09,ppm,sediment,published_marine_sediment_concentration,,,,37.0812,136.6602,EPSG:4326,20,,,,,LicenseRef-GSJ-Government-Standard-Terms-2.0,government,japan-gsj-marine-sediment,ocean-noudo.csv#row=7,,,,,marine sediment,sediment_marine,dataset_constant,,能登〜富山湾 / GH88,能登〜富山湾,,GH88,,,,,marine,,,,,,,,,,,,,,not_reported,,,,,,,,,,,not_reported_in_concentration_csv,,doi:10.5571/synth.3.281,10.5571/synth.3.281,"[""Imai, N. et al. (2010). Geochemical Map of Sea and Land of Japan. Synthesiology 3, 281-291. https://doi.org/10.5571/synth.3.281; official marine concentration CSV.""]",dataset,dataset_metadata,,resolved,,public_download,permitted_research,https://www.gsj.jp/license/index.html,dataset,true,not_evaluated_for_project_output,2026-08-06T10:05:00Z
rec-observation-v2%7Cjapan-gsj-marine-sediment%7Csrc-source-record-v2%257Cjapan-gsj-marine-sediment%257C880007%257Cocean-noudo.csv%2523row%253D8%7CAs%7C,src-source-record-v2%7Cjapan-gsj-marine-sediment%7C880007%7Cocean-noudo.csv%23row%3D8,880007,As,12.8,ppm,sediment,published_marine_sediment_concentration,,,,37.1697,136.5673,EPSG:4326,20,,,,,LicenseRef-GSJ-Government-Standard-Terms-2.0,government,japan-gsj-marine-sediment,ocean-noudo.csv#row=8,,,,,marine sediment,sediment_marine,dataset_constant,,能登〜富山湾 / GH88,能登〜富山湾,,GH88,,,,,marine,,,,,,,,,,,,,,not_reported,,,,,,,,,,,not_reported_in_concentration_csv,,doi:10.5571/synth.3.281,10.5571/synth.3.281,"[""Imai, N. et al. (2010). Geochemical Map of Sea and Land of Japan. Synthesiology 3, 281-291. https://doi.org/10.5571/synth.3.281; official marine concentration CSV.""]",dataset,dataset_metadata,,resolved,,public_download,permitted_research,https://www.gsj.jp/license/index.html,dataset,true,not_evaluated_for_project_output,2026-08-06T10:05:00Z
rec-observation-v2%7Cjapan-gsj-marine-sediment%7Csrc-source-record-v2%257Cjapan-gsj-marine-sediment%257C880007%257Cocean-noudo.csv%2523row%253D8%7CCr%7C,src-source-record-v2%7Cjapan-gsj-marine-sediment%7C880007%7Cocean-noudo.csv%23row%3D8,880007,Cr,40.027,ppm,sediment,published_marine_sediment_concentration,,,,37.1697,136.5673,EPSG:4326,20,,,,,LicenseRef-GSJ-Government-Standard-Terms-2.0,government,japan-gsj-marine-sediment,ocean-noudo.csv#row=8,,,,,marine sediment,sediment_marine,dataset_constant,,能登〜富山湾 / GH88,能登〜富山湾,,GH88,,,,,marine,,,,,,,,,,,,,,not_reported,,,,,,,,,,,not_reported_in_concentration_csv,,doi:10.5571/synth.3.281,10.5571/synth.3.281,"[""Imai, N. et al. (2010). Geochemical Map of Sea and Land of Japan. Synthesiology 3, 281-291. https://doi.org/10.5571/synth.3.281; official marine concentration CSV.""]",dataset,dataset_metadata,,resolved,,public_download,permitted_research,https://www.gsj.jp/license/index.html,dataset,true,not_evaluated_for_project_output,2026-08-06T10:05:00Z
rec-observation-v2%7Cjapan-gsj-marine-sediment%7Csrc-source-record-v2%257Cjapan-gsj-marine-sediment%257C880007%257Cocean-noudo.csv%2523row%253D8%7CCu%7C,src-source-record-v2%7Cjapan-gsj-marine-sediment%7C880007%7Cocean-noudo.csv%23row%3D8,880007,Cu,13.869,ppm,sediment,published_marine_sediment_concentration,,,,37.1697,136.5673,EPSG:4326,20,,,,,LicenseRef-GSJ-Government-Standard-Terms-2.0,government,japan-gsj-marine-sediment,ocean-noudo.csv#row=8,,,,,marine sediment,sediment_marine,dataset_constant,,能登〜富山湾 / GH88,能登〜富山湾,,GH88,,,,,marine,,,,,,,,,,,,,,not_reported,,,,,,,,,,,not_reported_in_concentration_csv,,doi:10.5571/synth.3.281,10.5571/synth.3.281,"[""Imai, N. et al. (2010). Geochemical Map of Sea and Land of Japan. Synthesiology 3, 281-291. https://doi.org/10.5571/synth.3.281; official marine concentration CSV.""]",dataset,dataset_metadata,,resolved,,public_download,permitted_research,https://www.gsj.jp/license/index.html,dataset,true,not_evaluated_for_project_output,2026-08-06T10:05:00Z
rec-observation-v2%7Cjapan-gsj-marine-sediment%7Csrc-source-record-v2%257Cjapan-gsj-marine-sediment%257C880007%257Cocean-noudo.csv%2523row%253D8%7CHg%7C,src-source-record-v2%7Cjapan-gsj-marine-sediment%7C880007%7Cocean-noudo.csv%23row%3D8,880007,Hg,20,ppb,sediment,published_marine_sediment_concentration,,,,37.1697,136.5673,EPSG:4326,20,,,,,LicenseRef-GSJ-Government-Standard-Terms-2.0,government,japan-gsj-marine-sediment,ocean-noudo.csv#row=8,,,,,marine sediment,sediment_marine,dataset_constant,,能登〜富山湾 / GH88,能登〜富山湾,,GH88,,,,,marine,,,,,,,,,,,,,,not_reported,,,,,,,,,,,not_reported_in_concentration_csv,,doi:10.5571/synth.3.281,10.5571/synth.3.281,"[""Imai, N. et al. (2010). Geochemical Map of Sea and Land of Japan. Synthesiology 3, 281-291. https://doi.org/10.5571/synth.3.281; official marine concentration CSV.""]",dataset,dataset_metadata,,resolved,,public_download,permitted_research,https://www.gsj.jp/license/index.html,dataset,true,not_evaluated_for_project_output,2026-08-06T10:05:00Z
rec-observation-v2%7Cjapan-gsj-marine-sediment%7Csrc-source-record-v2%257Cjapan-gsj-marine-sediment%257C880007%257Cocean-noudo.csv%2523row%253D8%7CNi%7C,src-source-record-v2%7Cjapan-gsj-marine-sediment%7C880007%7Cocean-noudo.csv%23row%3D8,880007,Ni,16.783,ppm,sediment,published_marine_sediment_concentration,,,,37.1697,136.5673,EPSG:4326,20,,,,,LicenseRef-GSJ-Government-Standard-Terms-2.0,government,japan-gsj-marine-sediment,ocean-noudo.csv#row=8,,,,,marine sediment,sediment_marine,dataset_constant,,能登〜富山湾 / GH88,能登〜富山湾,,GH88,,,,,marine,,,,,,,,,,,,,,not_reported,,,,,,,,,,,not_reported_in_concentration_csv,,doi:10.5571/synth.3.281,10.5571/synth.3.281,"[""Imai, N. et al. (2010). Geochemical Map of Sea and Land of Japan. Synthesiology 3, 281-291. https://doi.org/10.5571/synth.3.281; official marine concentration CSV.""]",dataset,dataset_metadata,,resolved,,public_download,permitted_research,https://www.gsj.jp/license/index.html,dataset,true,not_evaluated_for_project_output,2026-08-06T10:05:00Z
rec-observation-v2%7Cjapan-gsj-marine-sediment%7Csrc-source-record-v2%257Cjapan-gsj-marine-sediment%257C880007%257Cocean-noudo.csv%2523row%253D8%7CPb%7C,src-source-record-v2%7Cjapan-gsj-marine-sediment%7C880007%7Cocean-noudo.csv%23row%3D8,880007,Pb,37.701,ppm,sediment,published_marine_sediment_concentration,,,,37.1697,136.5673,EPSG:4326,20,,,,,LicenseRef-GSJ-Government-Standard-Terms-2.0,government,japan-gsj-marine-sediment,ocean-noudo.csv#row=8,,,,,marine sediment,sediment_marine,dataset_constant,,能登〜富山湾 / GH88,能登〜富山湾,,GH88,,,,,marine,,,,,,,,,,,,,,not_reported,,,,,,,,,,,not_reported_in_concentration_csv,,doi:10.5571/synth.3.281,10.5571/synth.3.281,"[""Imai, N. et al. (2010). Geochemical Map of Sea and Land of Japan. Synthesiology 3, 281-291. https://doi.org/10.5571/synth.3.281; official marine concentration CSV.""]",dataset,dataset_metadata,,resolved,,public_download,permitted_research,https://www.gsj.jp/license/index.html,dataset,true,not_evaluated_for_project_output,2026-08-06T10:05:00Z
rec-observation-v2%7Cjapan-gsj-marine-sediment%7Csrc-source-record-v2%257Cjapan-gsj-marine-sediment%257C880007%257Cocean-noudo.csv%2523row%253D8%7CZn%7C,src-source-record-v2%7Cjapan-gsj-marine-sediment%7C880007%7Cocean-noudo.csv%23row%3D8,880007,Zn,89.276,ppm,sediment,published_marine_sediment_concentration,,,,37.1697,136.5673,EPSG:4326,20,,,,,LicenseRef-GSJ-Government-Standard-Terms-2.0,government,japan-gsj-marine-sediment,ocean-noudo.csv#row=8,,,,,marine sediment,sediment_marine,dataset_constant,,能登〜富山湾 / GH88,能登〜富山湾,,GH88,,,,,marine,,,,,,,,,,,,,,not_reported,,,,,,,,,,,not_reported_in_concentration_csv,,doi:10.5571/synth.3.281,10.5571/synth.3.281,"[""Imai, N. et al. (2010). Geochemical Map of Sea and Land of Japan. Synthesiology 3, 281-291. https://doi.org/10.5571/synth.3.281; official marine concentration CSV.""]",dataset,dataset_metadata,,resolved,,public_download,permitted_research,https://www.gsj.jp/license/index.html,dataset,true,not_evaluated_for_project_output,2026-08-06T10:05:00Z
rec-observation-v2%7Cjapan-gsj-marine-sediment%7Csrc-source-record-v2%257Cjapan-gsj-marine-sediment%257C880008%257Cocean-noudo.csv%2523row%253D9%7CAs%7C,src-source-record-v2%7Cjapan-gsj-marine-sediment%7C880008%7Cocean-noudo.csv%23row%3D9,880008,As,14.3,ppm,sediment,published_marine_sediment_concentration,,,,37.2463,136.626,EPSG:4326,20,,,,,LicenseRef-GSJ-Government-Standard-Terms-2.0,government,japan-gsj-marine-sediment,ocean-noudo.csv#row=9,,,,,marine sediment,sediment_marine,dataset_constant,,能登〜富山湾 / GH88,能登〜富山湾,,GH88,,,,,marine,,,,,,,,,,,,,,not_reported,,,,,,,,,,,not_reported_in_concentration_csv,,doi:10.5571/synth.3.281,10.5571/synth.3.281,"[""Imai, N. et al. (2010). Geochemical Map of Sea and Land of Japan. Synthesiology 3, 281-291. https://doi.org/10.5571/synth.3.281; official marine concentration CSV.""]",dataset,dataset_metadata,,resolved,,public_download,permitted_research,https://www.gsj.jp/license/index.html,dataset,true,not_evaluated_for_project_output,2026-08-06T10:05:00Z
rec-observation-v2%7Cjapan-gsj-marine-sediment%7Csrc-source-record-v2%257Cjapan-gsj-marine-sediment%257C880008%257Cocean-noudo.csv%2523row%253D9%7CCr%7C,src-source-record-v2%7Cjapan-gsj-marine-sediment%7C880008%7Cocean-noudo.csv%23row%3D9,880008,Cr,32.341,ppm,sediment,published_marine_sediment_concentration,,,,37.2463,136.626,EPSG:4326,20,,,,,LicenseRef-GSJ-Government-Standard-Terms-2.0,government,japan-gsj-marine-sediment,ocean-noudo.csv#row=9,,,,,marine sediment,sediment_marine,dataset_constant,,能登〜富山湾 / GH88,能登〜富山湾,,GH88,,,,,marine,,,,,,,,,,,,,,not_reported,,,,,,,,,,,not_reported_in_concentration_csv,,doi:10.5571/synth.3.281,10.5571/synth.3.281,"[""Imai, N. et al. (2010). Geochemical Map of Sea and Land of Japan. Synthesiology 3, 281-291. https://doi.org/10.5571/synth.3.281; official marine concentration CSV.""]",dataset,dataset_metadata,,resolved,,public_download,permitted_research,https://www.gsj.jp/license/index.html,dataset,true,not_evaluated_for_project_output,2026-08-06T10:05:00Z
rec-observation-v2%7Cjapan-gsj-marine-sediment%7Csrc-source-record-v2%257Cjapan-gsj-marine-sediment%257C880008%257Cocean-noudo.csv%2523row%253D9%7CCu%7C,src-source-record-v2%7Cjapan-gsj-marine-sediment%7C880008%7Cocean-noudo.csv%23row%3D9,880008,Cu,15.054,ppm,sediment,published_marine_sediment_concentration,,,,37.2463,136.626,EPSG:4326,20,,,,,LicenseRef-GSJ-Government-Standard-Terms-2.0,government,japan-gsj-marine-sediment,ocean-noudo.csv#row=9,,,,,marine sediment,sediment_marine,dataset_constant,,能登〜富山湾 / GH88,能登〜富山湾,,GH88,,,,,marine,,,,,,,,,,,,,,not_reported,,,,,,,,,,,not_reported_in_concentration_csv,,doi:10.5571/synth.3.281,10.5571/synth.3.281,"[""Imai, N. et al. (2010). Geochemical Map of Sea and Land of Japan. Synthesiology 3, 281-291. https://doi.org/10.5571/synth.3.281; official marine concentration CSV.""]",dataset,dataset_metadata,,resolved,,public_download,permitted_research,https://www.gsj.jp/license/index.html,dataset,true,not_evaluated_for_project_output,2026-08-06T10:05:00Z
rec-observation-v2%7Cjapan-gsj-marine-sediment%7Csrc-source-record-v2%257Cjapan-gsj-marine-sediment%257C880008%257Cocean-noudo.csv%2523row%253D9%7CHg%7C,src-source-record-v2%7Cjapan-gsj-marine-sediment%7C880008%7Cocean-noudo.csv%23row%3D9,880008,Hg,40,ppb,sediment,published_marine_sediment_concentration,,,,37.2463,136.626,EPSG:4326,20,,,,,LicenseRef-GSJ-Government-Standard-Terms-2.0,government,japan-gsj-marine-sediment,ocean-noudo.csv#row=9,,,,,marine sediment,sediment_marine,dataset_constant,,能登〜富山湾 / GH88,能登〜富山湾,,GH88,,,,,marine,,,,,,,,,,,,,,not_reported,,,,,,,,,,,not_reported_in_concentration_csv,,doi:10.5571/synth.3.281,10.5571/synth.3.281,"[""Imai, N. et al. (2010). Geochemical Map of Sea and Land of Japan. Synthesiology 3, 281-291. https://doi.org/10.5571/synth.3.281; official marine concentration CSV.""]",dataset,dataset_metadata,,resolved,,public_download,permitted_research,https://www.gsj.jp/license/index.html,dataset,true,not_evaluated_for_project_output,2026-08-06T10:05:00Z
rec-observation-v2%7Cjapan-gsj-marine-sediment%7Csrc-source-record-v2%257Cjapan-gsj-marine-sediment%257C880008%257Cocean-noudo.csv%2523row%253D9%7CNi%7C,src-source-record-v2%7Cjapan-gsj-marine-sediment%7C880008%7Cocean-noudo.csv%23row%3D9,880008,Ni,12.58,ppm,sediment,published_marine_sediment_concentration,,,,37.2463,136.626,EPSG:4326,20,,,,,LicenseRef-GSJ-Government-Standard-Terms-2.0,government,japan-gsj-marine-sediment,ocean-noudo.csv#row=9,,,,,marine sediment,sediment_marine,dataset_constant,,能登〜富山湾 / GH88,能登〜富山湾,,GH88,,,,,marine,,,,,,,,,,,,,,not_reported,,,,,,,,,,,not_reported_in_concentration_csv,,doi:10.5571/synth.3.281,10.5571/synth.3.281,"[""Imai, N. et al. (2010). Geochemical Map of Sea and Land of Japan. Synthesiology 3, 281-291. https://doi.org/10.5571/synth.3.281; official marine concentration CSV.""]",dataset,dataset_metadata,,resolved,,public_download,permitted_research,https://www.gsj.jp/license/index.html,dataset,true,not_evaluated_for_project_output,2026-08-06T10:05:00Z
rec-observation-v2%7Cjapan-gsj-marine-sediment%7Csrc-source-record-v2%257Cjapan-gsj-marine-sediment%257C880008%257Cocean-noudo.csv%2523row%253D9%7CPb%7C,src-source-record-v2%7Cjapan-gsj-marine-sediment%7C880008%7Cocean-noudo.csv%23row%3D9,880008,Pb,24.1,ppm,sediment,published_marine_sediment_concentration,,,,37.2463,136.626,EPSG:4326,20,,,,,LicenseRef-GSJ-Government-Standard-Terms-2.0,government,japan-gsj-marine-sediment,ocean-noudo.csv#row=9,,,,,marine sediment,sediment_marine,dataset_constant,,能登〜富山湾 / GH88,能登〜富山湾,,GH88,,,,,marine,,,,,,,,,,,,,,not_reported,,,,,,,,,,,not_reported_in_concentration_csv,,doi:10.5571/synth.3.281,10.5571/synth.3.281,"[""Imai, N. et al. (2010). Geochemical Map of Sea and Land of Japan. Synthesiology 3, 281-291. https://doi.org/10.5571/synth.3.281; official marine concentration CSV.""]",dataset,dataset_metadata,,resolved,,public_download,permitted_research,https://www.gsj.jp/license/index.html,dataset,true,not_evaluated_for_project_output,2026-08-06T10:05:00Z
rec-observation-v2%7Cjapan-gsj-marine-sediment%7Csrc-source-record-v2%257Cjapan-gsj-marine-sediment%257C880008%257Cocean-noudo.csv%2523row%253D9%7CZn%7C,src-source-record-v2%7Cjapan-gsj-marine-sediment%7C880008%7Cocean-noudo.csv%23row%3D9,880008,Zn,81.89,ppm,sediment,published_marine_sediment_concentration,,,,37.2463,136.626,EPSG:4326,20,,,,,LicenseRef-GSJ-Government-Standard-Terms-2.0,government,japan-gsj-marine-sediment,ocean-noudo.csv#row=9,,,,,marine sediment,sediment_marine,dataset_constant,,能登〜富山湾 / GH88,能登〜富山湾,,GH88,,,,,marine,,,,,,,,,,,,,,not_reported,,,,,,,,,,,not_reported_in_concentration_csv,,doi:10.5571/synth.3.281,10.5571/synth.3.281,"[""Imai, N. et al. (2010). Geochemical Map of Sea and Land of Japan. Synthesiology 3, 281-291. https://doi.org/10.5571/synth.3.281; official marine concentration CSV.""]",dataset,dataset_metadata,,resolved,,public_download,permitted_research,https://www.gsj.jp/license/index.html,dataset,true,not_evaluated_for_project_output,2026-08-06T10:05:00Z
