record_id,source_record_id,sample_id,element_or_analyte,value,unit,medium,measurement_basis,value_qualifier,detection_limit,detection_limit_unit,latitude,longitude,source_crs,coordinate_uncertainty_m,geologic_unit,analytical_method,digestion_or_extraction,laboratory,license,source_tier,source_id,source_locator,sampled_at,sample_depth_min_m,sample_depth_max_m,grain_fraction,sample_type_raw,sample_type,sample_type_mapping_status,sample_type_missing_reason,material_raw,geographic_context_raw,survey_area,map_sheet,cruise_track,lithology_raw,lithology,soil_horizon_raw,soil_horizon,soil_horizon_missing_reason,sediment_environment,water_body_type,water_fraction,filtered_state,geologic_unit_raw,geologic_age_raw,tectonic_setting_raw,matched_geologic_unit,geology_map_source,geology_map_source_id,geology_map_version,match_method,match_scale,boundary_distance_m,match_uncertainty,match_status,match_candidates,coordinate_status,geology_missing_reason,method_scope,method_candidates,method_assignment_basis,preparation,analytical_technique,instrument,quantitation_limit,quantitation_limit_unit,reference_materials,method_source_locator,method_publication_id,method_missing_reason,citation_id_raw,publication_id,publication_doi,citation_text_raw,citation_scope,citation_assignment_basis,upstream_primary_source_id,citation_resolution_status,citation_missing_reason,access_status,research_use_status,license_url,license_scope,attribution_required,redistribution_status,terms_verified_at
rec-1776b5f5091a37c3bf9a4e6a217dd7032c195e282a293df83a240ed0ab6000be,src-9599d8fdf1bd51304b1e91e5a97622a3d46e0ccae798c7af6a0b02f55a391d6b,N19W10F1,As,2.5,mg/kg,sediment,aqua_regia_leachable_<2mm_floodplain_sediment,,5,mg/kg,27.82639699,-15.45288278,EPSG:4326,,,ICP-AES,hot aqua regia leach at 95 C,,LicenseRef-FOREGS-Research-Attribution-2005,official_curated,foregs-floodplain-sediment,F_AR_data_2v6_7Aug07.csv#row=4,,0,0.25,<2 mm; pulverized <0.063 mm,floodplain sediment from a larger drainage basin,sediment_floodplain,dataset_constant,,,,,,,,,,,,floodplain,,,,,,,,,,,,,,,,,,not_reported,file,,source_file_method_constant,,ICP-AES,,,,,F_AR_data_2v6_7Aug07.csv#row=4,,,,,,"[""Salminen, R. et al. (2005). Geochemical Atlas of Europe, Part 1. Geological Survey of Finland, Espoo.""]",dataset,dataset_metadata,,resolved,,public_download,permitted_research,https://weppi.gtk.fi/publ/foregsatlas/disclaimer.php,dataset,true,not_evaluated_for_project_output,2026-08-06T10:05:00Z
rec-0f62c5cac467f834875f55c6decccb3508f08c099842dbf1918831146e2b2594,src-9599d8fdf1bd51304b1e91e5a97622a3d46e0ccae798c7af6a0b02f55a391d6b,N19W10F1,Cu,21,mg/kg,sediment,aqua_regia_leachable_<2mm_floodplain_sediment,,1,mg/kg,27.82639699,-15.45288278,EPSG:4326,,,ICP-AES,hot aqua regia leach at 95 C,,LicenseRef-FOREGS-Research-Attribution-2005,official_curated,foregs-floodplain-sediment,F_AR_data_2v6_7Aug07.csv#row=4,,0,0.25,<2 mm; pulverized <0.063 mm,floodplain sediment from a larger drainage basin,sediment_floodplain,dataset_constant,,,,,,,,,,,,floodplain,,,,,,,,,,,,,,,,,,not_reported,file,,source_file_method_constant,,ICP-AES,,,,,F_AR_data_2v6_7Aug07.csv#row=4,,,,,,"[""Salminen, R. et al. (2005). Geochemical Atlas of Europe, Part 1. Geological Survey of Finland, Espoo.""]",dataset,dataset_metadata,,resolved,,public_download,permitted_research,https://weppi.gtk.fi/publ/foregsatlas/disclaimer.php,dataset,true,not_evaluated_for_project_output,2026-08-06T10:05:00Z
rec-d06ba581d1d1ebf2b154d44d500b392384ce08d36f2f49f19fdceada9ee7300c,src-9599d8fdf1bd51304b1e91e5a97622a3d46e0ccae798c7af6a0b02f55a391d6b,N19W10F1,Ni,56,mg/kg,sediment,aqua_regia_leachable_<2mm_floodplain_sediment,,2,mg/kg,27.82639699,-15.45288278,EPSG:4326,,,ICP-AES,hot aqua regia leach at 95 C,,LicenseRef-FOREGS-Research-Attribution-2005,official_curated,foregs-floodplain-sediment,F_AR_data_2v6_7Aug07.csv#row=4,,0,0.25,<2 mm; pulverized <0.063 mm,floodplain sediment from a larger drainage basin,sediment_floodplain,dataset_constant,,,,,,,,,,,,floodplain,,,,,,,,,,,,,,,,,,not_reported,file,,source_file_method_constant,,ICP-AES,,,,,F_AR_data_2v6_7Aug07.csv#row=4,,,,,,"[""Salminen, R. et al. (2005). Geochemical Atlas of Europe, Part 1. Geological Survey of Finland, Espoo.""]",dataset,dataset_metadata,,resolved,,public_download,permitted_research,https://weppi.gtk.fi/publ/foregsatlas/disclaimer.php,dataset,true,not_evaluated_for_project_output,2026-08-06T10:05:00Z
rec-948093ea0159b919cb970d297cf92018fdc6d7c35bcaec20dbfecc9b082c8ae3,src-9599d8fdf1bd51304b1e91e5a97622a3d46e0ccae798c7af6a0b02f55a391d6b,N19W10F1,Zn,109,mg/kg,sediment,aqua_regia_leachable_<2mm_floodplain_sediment,,1,mg/kg,27.82639699,-15.45288278,EPSG:4326,,,ICP-AES,hot aqua regia leach at 95 C,,LicenseRef-FOREGS-Research-Attribution-2005,official_curated,foregs-floodplain-sediment,F_AR_data_2v6_7Aug07.csv#row=4,,0,0.25,<2 mm; pulverized <0.063 mm,floodplain sediment from a larger drainage basin,sediment_floodplain,dataset_constant,,,,,,,,,,,,floodplain,,,,,,,,,,,,,,,,,,not_reported,file,,source_file_method_constant,,ICP-AES,,,,,F_AR_data_2v6_7Aug07.csv#row=4,,,,,,"[""Salminen, R. et al. (2005). Geochemical Atlas of Europe, Part 1. Geological Survey of Finland, Espoo.""]",dataset,dataset_metadata,,resolved,,public_download,permitted_research,https://weppi.gtk.fi/publ/foregsatlas/disclaimer.php,dataset,true,not_evaluated_for_project_output,2026-08-06T10:05:00Z
rec-c5e9aa10f6f6084771cabe7086bc72230f3bca11ffae95781491499c4ea8406f,src-bfa0a090e31cb5dbe9ba87635307ac9551e7353ea5b8bf218af63773af84edfe,N24E14F1,As,5,mg/kg,sediment,aqua_regia_leachable_<2mm_floodplain_sediment,,5,mg/kg,35.531477777,23.824823052,EPSG:4326,,,ICP-AES,hot aqua regia leach at 95 C,,LicenseRef-FOREGS-Research-Attribution-2005,official_curated,foregs-floodplain-sediment,F_AR_data_2v6_7Aug07.csv#row=5,,0,0.25,<2 mm; pulverized <0.063 mm,floodplain sediment from a larger drainage basin,sediment_floodplain,dataset_constant,,,,,,,,,,,,floodplain,,,,,,,,,,,,,,,,,,not_reported,file,,source_file_method_constant,,ICP-AES,,,,,F_AR_data_2v6_7Aug07.csv#row=5,,,,,,"[""Salminen, R. et al. (2005). Geochemical Atlas of Europe, Part 1. Geological Survey of Finland, Espoo.""]",dataset,dataset_metadata,,resolved,,public_download,permitted_research,https://weppi.gtk.fi/publ/foregsatlas/disclaimer.php,dataset,true,not_evaluated_for_project_output,2026-08-06T10:05:00Z
rec-5a3f430ca9c10c7930c2569f6e96256c9a09d6b73a0d30a76b5f93a948cb551d,src-bfa0a090e31cb5dbe9ba87635307ac9551e7353ea5b8bf218af63773af84edfe,N24E14F1,Cu,21,mg/kg,sediment,aqua_regia_leachable_<2mm_floodplain_sediment,,1,mg/kg,35.531477777,23.824823052,EPSG:4326,,,ICP-AES,hot aqua regia leach at 95 C,,LicenseRef-FOREGS-Research-Attribution-2005,official_curated,foregs-floodplain-sediment,F_AR_data_2v6_7Aug07.csv#row=5,,0,0.25,<2 mm; pulverized <0.063 mm,floodplain sediment from a larger drainage basin,sediment_floodplain,dataset_constant,,,,,,,,,,,,floodplain,,,,,,,,,,,,,,,,,,not_reported,file,,source_file_method_constant,,ICP-AES,,,,,F_AR_data_2v6_7Aug07.csv#row=5,,,,,,"[""Salminen, R. et al. (2005). Geochemical Atlas of Europe, Part 1. Geological Survey of Finland, Espoo.""]",dataset,dataset_metadata,,resolved,,public_download,permitted_research,https://weppi.gtk.fi/publ/foregsatlas/disclaimer.php,dataset,true,not_evaluated_for_project_output,2026-08-06T10:05:00Z
rec-9e9f3c640aded1f339c812184150e6fd8e6e695537bc021ea0617b70548625bb,src-bfa0a090e31cb5dbe9ba87635307ac9551e7353ea5b8bf218af63773af84edfe,N24E14F1,Ni,19,mg/kg,sediment,aqua_regia_leachable_<2mm_floodplain_sediment,,2,mg/kg,35.531477777,23.824823052,EPSG:4326,,,ICP-AES,hot aqua regia leach at 95 C,,LicenseRef-FOREGS-Research-Attribution-2005,official_curated,foregs-floodplain-sediment,F_AR_data_2v6_7Aug07.csv#row=5,,0,0.25,<2 mm; pulverized <0.063 mm,floodplain sediment from a larger drainage basin,sediment_floodplain,dataset_constant,,,,,,,,,,,,floodplain,,,,,,,,,,,,,,,,,,not_reported,file,,source_file_method_constant,,ICP-AES,,,,,F_AR_data_2v6_7Aug07.csv#row=5,,,,,,"[""Salminen, R. et al. (2005). Geochemical Atlas of Europe, Part 1. Geological Survey of Finland, Espoo.""]",dataset,dataset_metadata,,resolved,,public_download,permitted_research,https://weppi.gtk.fi/publ/foregsatlas/disclaimer.php,dataset,true,not_evaluated_for_project_output,2026-08-06T10:05:00Z
rec-52130efb2ce0e02611c2dbb1093f12458428fa081e5b1a811b8b4f3d8e9183fd,src-bfa0a090e31cb5dbe9ba87635307ac9551e7353ea5b8bf218af63773af84edfe,N24E14F1,Zn,35,mg/kg,sediment,aqua_regia_leachable_<2mm_floodplain_sediment,,1,mg/kg,35.531477777,23.824823052,EPSG:4326,,,ICP-AES,hot aqua regia leach at 95 C,,LicenseRef-FOREGS-Research-Attribution-2005,official_curated,foregs-floodplain-sediment,F_AR_data_2v6_7Aug07.csv#row=5,,0,0.25,<2 mm; pulverized <0.063 mm,floodplain sediment from a larger drainage basin,sediment_floodplain,dataset_constant,,,,,,,,,,,,floodplain,,,,,,,,,,,,,,,,,,not_reported,file,,source_file_method_constant,,ICP-AES,,,,,F_AR_data_2v6_7Aug07.csv#row=5,,,,,,"[""Salminen, R. et al. (2005). Geochemical Atlas of Europe, Part 1. Geological Survey of Finland, Espoo.""]",dataset,dataset_metadata,,resolved,,public_download,permitted_research,https://weppi.gtk.fi/publ/foregsatlas/disclaimer.php,dataset,true,not_evaluated_for_project_output,2026-08-06T10:05:00Z
rec-6860ecd89db2196dd81fb604e6d029543986720c2c97c9d7f09bceeca483c9c4,src-225a79cfb41aa9c23782f45386eb4a73c81aeaceaca7d9fab118ae816c8f812b,N24E15F2,As,18,mg/kg,sediment,aqua_regia_leachable_<2mm_floodplain_sediment,,5,mg/kg,35.412341912,24.646516544,EPSG:4326,,,ICP-AES,hot aqua regia leach at 95 C,,LicenseRef-FOREGS-Research-Attribution-2005,official_curated,foregs-floodplain-sediment,F_AR_data_2v6_7Aug07.csv#row=6,,0,0.25,<2 mm; pulverized <0.063 mm,floodplain sediment from a larger drainage basin,sediment_floodplain,dataset_constant,,,,,,,,,,,,floodplain,,,,,,,,,,,,,,,,,,not_reported,file,,source_file_method_constant,,ICP-AES,,,,,F_AR_data_2v6_7Aug07.csv#row=6,,,,,,"[""Salminen, R. et al. (2005). Geochemical Atlas of Europe, Part 1. Geological Survey of Finland, Espoo.""]",dataset,dataset_metadata,,resolved,,public_download,permitted_research,https://weppi.gtk.fi/publ/foregsatlas/disclaimer.php,dataset,true,not_evaluated_for_project_output,2026-08-06T10:05:00Z
rec-795f5ea94afc5c5421a22e78f5bb00f9ad5a28c24e749344d0adf5c5ce9f2006,src-225a79cfb41aa9c23782f45386eb4a73c81aeaceaca7d9fab118ae816c8f812b,N24E15F2,Cu,38,mg/kg,sediment,aqua_regia_leachable_<2mm_floodplain_sediment,,1,mg/kg,35.412341912,24.646516544,EPSG:4326,,,ICP-AES,hot aqua regia leach at 95 C,,LicenseRef-FOREGS-Research-Attribution-2005,official_curated,foregs-floodplain-sediment,F_AR_data_2v6_7Aug07.csv#row=6,,0,0.25,<2 mm; pulverized <0.063 mm,floodplain sediment from a larger drainage basin,sediment_floodplain,dataset_constant,,,,,,,,,,,,floodplain,,,,,,,,,,,,,,,,,,not_reported,file,,source_file_method_constant,,ICP-AES,,,,,F_AR_data_2v6_7Aug07.csv#row=6,,,,,,"[""Salminen, R. et al. (2005). Geochemical Atlas of Europe, Part 1. Geological Survey of Finland, Espoo.""]",dataset,dataset_metadata,,resolved,,public_download,permitted_research,https://weppi.gtk.fi/publ/foregsatlas/disclaimer.php,dataset,true,not_evaluated_for_project_output,2026-08-06T10:05:00Z
rec-43b55d5e1e60431d1b300990eef16f89347c9dc35222baeee359672941351d57,src-225a79cfb41aa9c23782f45386eb4a73c81aeaceaca7d9fab118ae816c8f812b,N24E15F2,Ni,119,mg/kg,sediment,aqua_regia_leachable_<2mm_floodplain_sediment,,2,mg/kg,35.412341912,24.646516544,EPSG:4326,,,ICP-AES,hot aqua regia leach at 95 C,,LicenseRef-FOREGS-Research-Attribution-2005,official_curated,foregs-floodplain-sediment,F_AR_data_2v6_7Aug07.csv#row=6,,0,0.25,<2 mm; pulverized <0.063 mm,floodplain sediment from a larger drainage basin,sediment_floodplain,dataset_constant,,,,,,,,,,,,floodplain,,,,,,,,,,,,,,,,,,not_reported,file,,source_file_method_constant,,ICP-AES,,,,,F_AR_data_2v6_7Aug07.csv#row=6,,,,,,"[""Salminen, R. et al. (2005). Geochemical Atlas of Europe, Part 1. Geological Survey of Finland, Espoo.""]",dataset,dataset_metadata,,resolved,,public_download,permitted_research,https://weppi.gtk.fi/publ/foregsatlas/disclaimer.php,dataset,true,not_evaluated_for_project_output,2026-08-06T10:05:00Z
rec-dc3b93625e624994521faa392e0348839be1880eff32d0ccccc840411a5a942a,src-225a79cfb41aa9c23782f45386eb4a73c81aeaceaca7d9fab118ae816c8f812b,N24E15F2,Zn,75,mg/kg,sediment,aqua_regia_leachable_<2mm_floodplain_sediment,,1,mg/kg,35.412341912,24.646516544,EPSG:4326,,,ICP-AES,hot aqua regia leach at 95 C,,LicenseRef-FOREGS-Research-Attribution-2005,official_curated,foregs-floodplain-sediment,F_AR_data_2v6_7Aug07.csv#row=6,,0,0.25,<2 mm; pulverized <0.063 mm,floodplain sediment from a larger drainage basin,sediment_floodplain,dataset_constant,,,,,,,,,,,,floodplain,,,,,,,,,,,,,,,,,,not_reported,file,,source_file_method_constant,,ICP-AES,,,,,F_AR_data_2v6_7Aug07.csv#row=6,,,,,,"[""Salminen, R. et al. (2005). Geochemical Atlas of Europe, Part 1. Geological Survey of Finland, Espoo.""]",dataset,dataset_metadata,,resolved,,public_download,permitted_research,https://weppi.gtk.fi/publ/foregsatlas/disclaimer.php,dataset,true,not_evaluated_for_project_output,2026-08-06T10:05:00Z
rec-50fc4c9dd9e02c0b72298b8273a8c6433abe217ff9b32909945b073f6c0eaed7,src-722119fae26f02a09d1ff75ab9b7c7e79230cb3fd7d30b67c37fed110b46a046,N24E15F4,As,5,mg/kg,sediment,aqua_regia_leachable_<2mm_floodplain_sediment,,5,mg/kg,34.988315269,25.332988602,EPSG:4326,,,ICP-AES,hot aqua regia leach at 95 C,,LicenseRef-FOREGS-Research-Attribution-2005,official_curated,foregs-floodplain-sediment,F_AR_data_2v6_7Aug07.csv#row=7,,0,0.25,<2 mm; pulverized <0.063 mm,floodplain sediment from a larger drainage basin,sediment_floodplain,dataset_constant,,,,,,,,,,,,floodplain,,,,,,,,,,,,,,,,,,not_reported,file,,source_file_method_constant,,ICP-AES,,,,,F_AR_data_2v6_7Aug07.csv#row=7,,,,,,"[""Salminen, R. et al. (2005). Geochemical Atlas of Europe, Part 1. Geological Survey of Finland, Espoo.""]",dataset,dataset_metadata,,resolved,,public_download,permitted_research,https://weppi.gtk.fi/publ/foregsatlas/disclaimer.php,dataset,true,not_evaluated_for_project_output,2026-08-06T10:05:00Z
rec-b80ac84c049007013409ea1ff39a3c133e293ba58bd0aa607d5d8849d6393f38,src-722119fae26f02a09d1ff75ab9b7c7e79230cb3fd7d30b67c37fed110b46a046,N24E15F4,Cu,27,mg/kg,sediment,aqua_regia_leachable_<2mm_floodplain_sediment,,1,mg/kg,34.988315269,25.332988602,EPSG:4326,,,ICP-AES,hot aqua regia leach at 95 C,,LicenseRef-FOREGS-Research-Attribution-2005,official_curated,foregs-floodplain-sediment,F_AR_data_2v6_7Aug07.csv#row=7,,0,0.25,<2 mm; pulverized <0.063 mm,floodplain sediment from a larger drainage basin,sediment_floodplain,dataset_constant,,,,,,,,,,,,floodplain,,,,,,,,,,,,,,,,,,not_reported,file,,source_file_method_constant,,ICP-AES,,,,,F_AR_data_2v6_7Aug07.csv#row=7,,,,,,"[""Salminen, R. et al. (2005). Geochemical Atlas of Europe, Part 1. Geological Survey of Finland, Espoo.""]",dataset,dataset_metadata,,resolved,,public_download,permitted_research,https://weppi.gtk.fi/publ/foregsatlas/disclaimer.php,dataset,true,not_evaluated_for_project_output,2026-08-06T10:05:00Z
rec-27e79d6b2836343ed1a4cd1b930e02b90cc376c8d2606e81368bd35544787404,src-722119fae26f02a09d1ff75ab9b7c7e79230cb3fd7d30b67c37fed110b46a046,N24E15F4,Ni,109,mg/kg,sediment,aqua_regia_leachable_<2mm_floodplain_sediment,,2,mg/kg,34.988315269,25.332988602,EPSG:4326,,,ICP-AES,hot aqua regia leach at 95 C,,LicenseRef-FOREGS-Research-Attribution-2005,official_curated,foregs-floodplain-sediment,F_AR_data_2v6_7Aug07.csv#row=7,,0,0.25,<2 mm; pulverized <0.063 mm,floodplain sediment from a larger drainage basin,sediment_floodplain,dataset_constant,,,,,,,,,,,,floodplain,,,,,,,,,,,,,,,,,,not_reported,file,,source_file_method_constant,,ICP-AES,,,,,F_AR_data_2v6_7Aug07.csv#row=7,,,,,,"[""Salminen, R. et al. (2005). Geochemical Atlas of Europe, Part 1. Geological Survey of Finland, Espoo.""]",dataset,dataset_metadata,,resolved,,public_download,permitted_research,https://weppi.gtk.fi/publ/foregsatlas/disclaimer.php,dataset,true,not_evaluated_for_project_output,2026-08-06T10:05:00Z
rec-e7ee1459ee7a08b4ae43fdf9d6e74dbde4410d6b648029d23074168edf0f1ee9,src-722119fae26f02a09d1ff75ab9b7c7e79230cb3fd7d30b67c37fed110b46a046,N24E15F4,Zn,49,mg/kg,sediment,aqua_regia_leachable_<2mm_floodplain_sediment,,1,mg/kg,34.988315269,25.332988602,EPSG:4326,,,ICP-AES,hot aqua regia leach at 95 C,,LicenseRef-FOREGS-Research-Attribution-2005,official_curated,foregs-floodplain-sediment,F_AR_data_2v6_7Aug07.csv#row=7,,0,0.25,<2 mm; pulverized <0.063 mm,floodplain sediment from a larger drainage basin,sediment_floodplain,dataset_constant,,,,,,,,,,,,floodplain,,,,,,,,,,,,,,,,,,not_reported,file,,source_file_method_constant,,ICP-AES,,,,,F_AR_data_2v6_7Aug07.csv#row=7,,,,,,"[""Salminen, R. et al. (2005). Geochemical Atlas of Europe, Part 1. Geological Survey of Finland, Espoo.""]",dataset,dataset_metadata,,resolved,,public_download,permitted_research,https://weppi.gtk.fi/publ/foregsatlas/disclaimer.php,dataset,true,not_evaluated_for_project_output,2026-08-06T10:05:00Z
rec-679793427baeb383e18abb80770dacb8297ad4f6c7a523f7a2e2edc4cb712735,src-9413f5ca5264027eeca212ea6e58522551eff953f13eaf52fd2264448ce211a4,N24E15F5,As,2.5,mg/kg,sediment,aqua_regia_leachable_<2mm_floodplain_sediment,,5,mg/kg,35.324232941,25.198212727,EPSG:4326,,,ICP-AES,hot aqua regia leach at 95 C,,LicenseRef-FOREGS-Research-Attribution-2005,official_curated,foregs-floodplain-sediment,F_AR_data_2v6_7Aug07.csv#row=8,,0,0.25,<2 mm; pulverized <0.063 mm,floodplain sediment from a larger drainage basin,sediment_floodplain,dataset_constant,,,,,,,,,,,,floodplain,,,,,,,,,,,,,,,,,,not_reported,file,,source_file_method_constant,,ICP-AES,,,,,F_AR_data_2v6_7Aug07.csv#row=8,,,,,,"[""Salminen, R. et al. (2005). Geochemical Atlas of Europe, Part 1. Geological Survey of Finland, Espoo.""]",dataset,dataset_metadata,,resolved,,public_download,permitted_research,https://weppi.gtk.fi/publ/foregsatlas/disclaimer.php,dataset,true,not_evaluated_for_project_output,2026-08-06T10:05:00Z
rec-67c44ed1e04fec1b066a098464b65756df215de0768cf1004a2e58e2477418e2,src-9413f5ca5264027eeca212ea6e58522551eff953f13eaf52fd2264448ce211a4,N24E15F5,Cu,15,mg/kg,sediment,aqua_regia_leachable_<2mm_floodplain_sediment,,1,mg/kg,35.324232941,25.198212727,EPSG:4326,,,ICP-AES,hot aqua regia leach at 95 C,,LicenseRef-FOREGS-Research-Attribution-2005,official_curated,foregs-floodplain-sediment,F_AR_data_2v6_7Aug07.csv#row=8,,0,0.25,<2 mm; pulverized <0.063 mm,floodplain sediment from a larger drainage basin,sediment_floodplain,dataset_constant,,,,,,,,,,,,floodplain,,,,,,,,,,,,,,,,,,not_reported,file,,source_file_method_constant,,ICP-AES,,,,,F_AR_data_2v6_7Aug07.csv#row=8,,,,,,"[""Salminen, R. et al. (2005). Geochemical Atlas of Europe, Part 1. Geological Survey of Finland, Espoo.""]",dataset,dataset_metadata,,resolved,,public_download,permitted_research,https://weppi.gtk.fi/publ/foregsatlas/disclaimer.php,dataset,true,not_evaluated_for_project_output,2026-08-06T10:05:00Z
rec-5fabd78c0fbf892d3c1a6528d8e724e703a280530c1a31b9e036961ac01aa4f6,src-9413f5ca5264027eeca212ea6e58522551eff953f13eaf52fd2264448ce211a4,N24E15F5,Ni,50,mg/kg,sediment,aqua_regia_leachable_<2mm_floodplain_sediment,,2,mg/kg,35.324232941,25.198212727,EPSG:4326,,,ICP-AES,hot aqua regia leach at 95 C,,LicenseRef-FOREGS-Research-Attribution-2005,official_curated,foregs-floodplain-sediment,F_AR_data_2v6_7Aug07.csv#row=8,,0,0.25,<2 mm; pulverized <0.063 mm,floodplain sediment from a larger drainage basin,sediment_floodplain,dataset_constant,,,,,,,,,,,,floodplain,,,,,,,,,,,,,,,,,,not_reported,file,,source_file_method_constant,,ICP-AES,,,,,F_AR_data_2v6_7Aug07.csv#row=8,,,,,,"[""Salminen, R. et al. (2005). Geochemical Atlas of Europe, Part 1. Geological Survey of Finland, Espoo.""]",dataset,dataset_metadata,,resolved,,public_download,permitted_research,https://weppi.gtk.fi/publ/foregsatlas/disclaimer.php,dataset,true,not_evaluated_for_project_output,2026-08-06T10:05:00Z
rec-ac10812edf1a36d1b22b33cf6aa20c85270d7de1de6179c51baf288dcd13d67e,src-9413f5ca5264027eeca212ea6e58522551eff953f13eaf52fd2264448ce211a4,N24E15F5,Zn,25,mg/kg,sediment,aqua_regia_leachable_<2mm_floodplain_sediment,,1,mg/kg,35.324232941,25.198212727,EPSG:4326,,,ICP-AES,hot aqua regia leach at 95 C,,LicenseRef-FOREGS-Research-Attribution-2005,official_curated,foregs-floodplain-sediment,F_AR_data_2v6_7Aug07.csv#row=8,,0,0.25,<2 mm; pulverized <0.063 mm,floodplain sediment from a larger drainage basin,sediment_floodplain,dataset_constant,,,,,,,,,,,,floodplain,,,,,,,,,,,,,,,,,,not_reported,file,,source_file_method_constant,,ICP-AES,,,,,F_AR_data_2v6_7Aug07.csv#row=8,,,,,,"[""Salminen, R. et al. (2005). Geochemical Atlas of Europe, Part 1. Geological Survey of Finland, Espoo.""]",dataset,dataset_metadata,,resolved,,public_download,permitted_research,https://weppi.gtk.fi/publ/foregsatlas/disclaimer.php,dataset,true,not_evaluated_for_project_output,2026-08-06T10:05:00Z
rec-ef5d2001c28ee2766de86dd63c6f7e3467d0b12068f99864302eec432a733749,src-342ceb6905c7d5492430d5b6f39ef9fe82d2736919575ce9d029df6c6537c59d,N24E16F3,As,8,mg/kg,sediment,aqua_regia_leachable_<2mm_floodplain_sediment,,5,mg/kg,35.203105873,26.11120356,EPSG:4326,,,ICP-AES,hot aqua regia leach at 95 C,,LicenseRef-FOREGS-Research-Attribution-2005,official_curated,foregs-floodplain-sediment,F_AR_data_2v6_7Aug07.csv#row=9,,0,0.25,<2 mm; pulverized <0.063 mm,floodplain sediment from a larger drainage basin,sediment_floodplain,dataset_constant,,,,,,,,,,,,floodplain,,,,,,,,,,,,,,,,,,not_reported,file,,source_file_method_constant,,ICP-AES,,,,,F_AR_data_2v6_7Aug07.csv#row=9,,,,,,"[""Salminen, R. et al. (2005). Geochemical Atlas of Europe, Part 1. Geological Survey of Finland, Espoo.""]",dataset,dataset_metadata,,resolved,,public_download,permitted_research,https://weppi.gtk.fi/publ/foregsatlas/disclaimer.php,dataset,true,not_evaluated_for_project_output,2026-08-06T10:05:00Z
rec-185c7cfe39713d96b418d2f57e249810a7c2fc766facccc6848e15f54ae4e1bb,src-342ceb6905c7d5492430d5b6f39ef9fe82d2736919575ce9d029df6c6537c59d,N24E16F3,Cu,27,mg/kg,sediment,aqua_regia_leachable_<2mm_floodplain_sediment,,1,mg/kg,35.203105873,26.11120356,EPSG:4326,,,ICP-AES,hot aqua regia leach at 95 C,,LicenseRef-FOREGS-Research-Attribution-2005,official_curated,foregs-floodplain-sediment,F_AR_data_2v6_7Aug07.csv#row=9,,0,0.25,<2 mm; pulverized <0.063 mm,floodplain sediment from a larger drainage basin,sediment_floodplain,dataset_constant,,,,,,,,,,,,floodplain,,,,,,,,,,,,,,,,,,not_reported,file,,source_file_method_constant,,ICP-AES,,,,,F_AR_data_2v6_7Aug07.csv#row=9,,,,,,"[""Salminen, R. et al. (2005). Geochemical Atlas of Europe, Part 1. Geological Survey of Finland, Espoo.""]",dataset,dataset_metadata,,resolved,,public_download,permitted_research,https://weppi.gtk.fi/publ/foregsatlas/disclaimer.php,dataset,true,not_evaluated_for_project_output,2026-08-06T10:05:00Z
rec-eff287a4742cc2091e1ea49f69e2c4276e25d3cc3c8fcffae2261c14418d78d8,src-342ceb6905c7d5492430d5b6f39ef9fe82d2736919575ce9d029df6c6537c59d,N24E16F3,Ni,33,mg/kg,sediment,aqua_regia_leachable_<2mm_floodplain_sediment,,2,mg/kg,35.203105873,26.11120356,EPSG:4326,,,ICP-AES,hot aqua regia leach at 95 C,,LicenseRef-FOREGS-Research-Attribution-2005,official_curated,foregs-floodplain-sediment,F_AR_data_2v6_7Aug07.csv#row=9,,0,0.25,<2 mm; pulverized <0.063 mm,floodplain sediment from a larger drainage basin,sediment_floodplain,dataset_constant,,,,,,,,,,,,floodplain,,,,,,,,,,,,,,,,,,not_reported,file,,source_file_method_constant,,ICP-AES,,,,,F_AR_data_2v6_7Aug07.csv#row=9,,,,,,"[""Salminen, R. et al. (2005). Geochemical Atlas of Europe, Part 1. Geological Survey of Finland, Espoo.""]",dataset,dataset_metadata,,resolved,,public_download,permitted_research,https://weppi.gtk.fi/publ/foregsatlas/disclaimer.php,dataset,true,not_evaluated_for_project_output,2026-08-06T10:05:00Z
rec-4417dd0277b798adc9d0068baa07003538b152c1a20701e388f4cb32e5ff4850,src-342ceb6905c7d5492430d5b6f39ef9fe82d2736919575ce9d029df6c6537c59d,N24E16F3,Zn,49,mg/kg,sediment,aqua_regia_leachable_<2mm_floodplain_sediment,,1,mg/kg,35.203105873,26.11120356,EPSG:4326,,,ICP-AES,hot aqua regia leach at 95 C,,LicenseRef-FOREGS-Research-Attribution-2005,official_curated,foregs-floodplain-sediment,F_AR_data_2v6_7Aug07.csv#row=9,,0,0.25,<2 mm; pulverized <0.063 mm,floodplain sediment from a larger drainage basin,sediment_floodplain,dataset_constant,,,,,,,,,,,,floodplain,,,,,,,,,,,,,,,,,,not_reported,file,,source_file_method_constant,,ICP-AES,,,,,F_AR_data_2v6_7Aug07.csv#row=9,,,,,,"[""Salminen, R. et al. (2005). Geochemical Atlas of Europe, Part 1. Geological Survey of Finland, Espoo.""]",dataset,dataset_metadata,,resolved,,public_download,permitted_research,https://weppi.gtk.fi/publ/foregsatlas/disclaimer.php,dataset,true,not_evaluated_for_project_output,2026-08-06T10:05:00Z
rec-6196175d2336e788d52a21ca65e190eb059410a31d5f3b0c556fa19ffbc9bf6b,src-2dcdd25b7f5baea23390ef4715148952998abf760c3606b238e343c9efb3713d,N19W10F1,As,3,mg/kg,sediment,total_selected_<2mm_floodplain_sediment,,1,mg/kg,27.82639699,-15.45288278,EPSG:4326,,,WD-XRF and ED(P)-XRF selected by element,pressed powder pellet,,LicenseRef-FOREGS-Research-Attribution-2005,official_curated,foregs-floodplain-sediment,F_XRF_data_2v6_7Aug07.csv#row=4,,0,0.25,<2 mm; pulverized <0.063 mm,floodplain sediment from a larger drainage basin,sediment_floodplain,dataset_constant,,,,,,,,,,,,floodplain,,,,,,,,,,,,,,,,,,not_reported,file,,source_file_method_constant,,WD-XRF and ED(P)-XRF selected by element,,,,,F_XRF_data_2v6_7Aug07.csv#row=4,,,,,,"[""Salminen, R. et al. (2005). Geochemical Atlas of Europe, Part 1. Geological Survey of Finland, Espoo.""]",dataset,dataset_metadata,,resolved,,public_download,permitted_research,https://weppi.gtk.fi/publ/foregsatlas/disclaimer.php,dataset,true,not_evaluated_for_project_output,2026-08-06T10:05:00Z
rec-6bde1699f1544cb3e934fa466b655687be707b8fc57d1f32e736332ad3f4fc79,src-2dcdd25b7f5baea23390ef4715148952998abf760c3606b238e343c9efb3713d,N19W10F1,Cu,28,mg/kg,sediment,total_selected_<2mm_floodplain_sediment,,1,mg/kg,27.82639699,-15.45288278,EPSG:4326,,,WD-XRF and ED(P)-XRF selected by element,pressed powder pellet,,LicenseRef-FOREGS-Research-Attribution-2005,official_curated,foregs-floodplain-sediment,F_XRF_data_2v6_7Aug07.csv#row=4,,0,0.25,<2 mm; pulverized <0.063 mm,floodplain sediment from a larger drainage basin,sediment_floodplain,dataset_constant,,,,,,,,,,,,floodplain,,,,,,,,,,,,,,,,,,not_reported,file,,source_file_method_constant,,WD-XRF and ED(P)-XRF selected by element,,,,,F_XRF_data_2v6_7Aug07.csv#row=4,,,,,,"[""Salminen, R. et al. (2005). Geochemical Atlas of Europe, Part 1. Geological Survey of Finland, Espoo.""]",dataset,dataset_metadata,,resolved,,public_download,permitted_research,https://weppi.gtk.fi/publ/foregsatlas/disclaimer.php,dataset,true,not_evaluated_for_project_output,2026-08-06T10:05:00Z
rec-840cbfdc35336f88adf43742cfdad848126a04ef56f9a99a361d1d0475258e88,src-2dcdd25b7f5baea23390ef4715148952998abf760c3606b238e343c9efb3713d,N19W10F1,Ni,68,mg/kg,sediment,total_selected_<2mm_floodplain_sediment,,1,mg/kg,27.82639699,-15.45288278,EPSG:4326,,,WD-XRF and ED(P)-XRF selected by element,pressed powder pellet,,LicenseRef-FOREGS-Research-Attribution-2005,official_curated,foregs-floodplain-sediment,F_XRF_data_2v6_7Aug07.csv#row=4,,0,0.25,<2 mm; pulverized <0.063 mm,floodplain sediment from a larger drainage basin,sediment_floodplain,dataset_constant,,,,,,,,,,,,floodplain,,,,,,,,,,,,,,,,,,not_reported,file,,source_file_method_constant,,WD-XRF and ED(P)-XRF selected by element,,,,,F_XRF_data_2v6_7Aug07.csv#row=4,,,,,,"[""Salminen, R. et al. (2005). Geochemical Atlas of Europe, Part 1. Geological Survey of Finland, Espoo.""]",dataset,dataset_metadata,,resolved,,public_download,permitted_research,https://weppi.gtk.fi/publ/foregsatlas/disclaimer.php,dataset,true,not_evaluated_for_project_output,2026-08-06T10:05:00Z
rec-2352e4dad4e96685374c9b40581b9396d3a064b1cef4cf02ead3c282d03ed4d9,src-2dcdd25b7f5baea23390ef4715148952998abf760c3606b238e343c9efb3713d,N19W10F1,Zn,139,mg/kg,sediment,total_selected_<2mm_floodplain_sediment,,1,mg/kg,27.82639699,-15.45288278,EPSG:4326,,,WD-XRF and ED(P)-XRF selected by element,pressed powder pellet,,LicenseRef-FOREGS-Research-Attribution-2005,official_curated,foregs-floodplain-sediment,F_XRF_data_2v6_7Aug07.csv#row=4,,0,0.25,<2 mm; pulverized <0.063 mm,floodplain sediment from a larger drainage basin,sediment_floodplain,dataset_constant,,,,,,,,,,,,floodplain,,,,,,,,,,,,,,,,,,not_reported,file,,source_file_method_constant,,WD-XRF and ED(P)-XRF selected by element,,,,,F_XRF_data_2v6_7Aug07.csv#row=4,,,,,,"[""Salminen, R. et al. (2005). Geochemical Atlas of Europe, Part 1. Geological Survey of Finland, Espoo.""]",dataset,dataset_metadata,,resolved,,public_download,permitted_research,https://weppi.gtk.fi/publ/foregsatlas/disclaimer.php,dataset,true,not_evaluated_for_project_output,2026-08-06T10:05:00Z
rec-a807a79805b098901d6538ed150bd00f92c6bb793a1148b1aea252f2e26c5df5,src-78008b538431fc4e723a29ff61095d6d124d96239a86deb73431444829471520,N24E14F1,As,6,mg/kg,sediment,total_selected_<2mm_floodplain_sediment,,1,mg/kg,35.531477777,23.824823052,EPSG:4326,,,WD-XRF and ED(P)-XRF selected by element,pressed powder pellet,,LicenseRef-FOREGS-Research-Attribution-2005,official_curated,foregs-floodplain-sediment,F_XRF_data_2v6_7Aug07.csv#row=5,,0,0.25,<2 mm; pulverized <0.063 mm,floodplain sediment from a larger drainage basin,sediment_floodplain,dataset_constant,,,,,,,,,,,,floodplain,,,,,,,,,,,,,,,,,,not_reported,file,,source_file_method_constant,,WD-XRF and ED(P)-XRF selected by element,,,,,F_XRF_data_2v6_7Aug07.csv#row=5,,,,,,"[""Salminen, R. et al. (2005). Geochemical Atlas of Europe, Part 1. Geological Survey of Finland, Espoo.""]",dataset,dataset_metadata,,resolved,,public_download,permitted_research,https://weppi.gtk.fi/publ/foregsatlas/disclaimer.php,dataset,true,not_evaluated_for_project_output,2026-08-06T10:05:00Z
rec-87546a9568fe1c45d73bc6660b8bfba667b880978fcbf88242be6b44b7875ea6,src-78008b538431fc4e723a29ff61095d6d124d96239a86deb73431444829471520,N24E14F1,Cu,19,mg/kg,sediment,total_selected_<2mm_floodplain_sediment,,1,mg/kg,35.531477777,23.824823052,EPSG:4326,,,WD-XRF and ED(P)-XRF selected by element,pressed powder pellet,,LicenseRef-FOREGS-Research-Attribution-2005,official_curated,foregs-floodplain-sediment,F_XRF_data_2v6_7Aug07.csv#row=5,,0,0.25,<2 mm; pulverized <0.063 mm,floodplain sediment from a larger drainage basin,sediment_floodplain,dataset_constant,,,,,,,,,,,,floodplain,,,,,,,,,,,,,,,,,,not_reported,file,,source_file_method_constant,,WD-XRF and ED(P)-XRF selected by element,,,,,F_XRF_data_2v6_7Aug07.csv#row=5,,,,,,"[""Salminen, R. et al. (2005). Geochemical Atlas of Europe, Part 1. Geological Survey of Finland, Espoo.""]",dataset,dataset_metadata,,resolved,,public_download,permitted_research,https://weppi.gtk.fi/publ/foregsatlas/disclaimer.php,dataset,true,not_evaluated_for_project_output,2026-08-06T10:05:00Z
rec-5dfc937b62e02759dfb1b3cb76a65b98beeb94bbbacb76137f44bdc8ffc7af7d,src-78008b538431fc4e723a29ff61095d6d124d96239a86deb73431444829471520,N24E14F1,Ni,23,mg/kg,sediment,total_selected_<2mm_floodplain_sediment,,1,mg/kg,35.531477777,23.824823052,EPSG:4326,,,WD-XRF and ED(P)-XRF selected by element,pressed powder pellet,,LicenseRef-FOREGS-Research-Attribution-2005,official_curated,foregs-floodplain-sediment,F_XRF_data_2v6_7Aug07.csv#row=5,,0,0.25,<2 mm; pulverized <0.063 mm,floodplain sediment from a larger drainage basin,sediment_floodplain,dataset_constant,,,,,,,,,,,,floodplain,,,,,,,,,,,,,,,,,,not_reported,file,,source_file_method_constant,,WD-XRF and ED(P)-XRF selected by element,,,,,F_XRF_data_2v6_7Aug07.csv#row=5,,,,,,"[""Salminen, R. et al. (2005). Geochemical Atlas of Europe, Part 1. Geological Survey of Finland, Espoo.""]",dataset,dataset_metadata,,resolved,,public_download,permitted_research,https://weppi.gtk.fi/publ/foregsatlas/disclaimer.php,dataset,true,not_evaluated_for_project_output,2026-08-06T10:05:00Z
rec-0fe4434b9adfeff21512bf3da646c852e47f73c6f80869e1210c9116c62aafa0,src-78008b538431fc4e723a29ff61095d6d124d96239a86deb73431444829471520,N24E14F1,Zn,44,mg/kg,sediment,total_selected_<2mm_floodplain_sediment,,1,mg/kg,35.531477777,23.824823052,EPSG:4326,,,WD-XRF and ED(P)-XRF selected by element,pressed powder pellet,,LicenseRef-FOREGS-Research-Attribution-2005,official_curated,foregs-floodplain-sediment,F_XRF_data_2v6_7Aug07.csv#row=5,,0,0.25,<2 mm; pulverized <0.063 mm,floodplain sediment from a larger drainage basin,sediment_floodplain,dataset_constant,,,,,,,,,,,,floodplain,,,,,,,,,,,,,,,,,,not_reported,file,,source_file_method_constant,,WD-XRF and ED(P)-XRF selected by element,,,,,F_XRF_data_2v6_7Aug07.csv#row=5,,,,,,"[""Salminen, R. et al. (2005). Geochemical Atlas of Europe, Part 1. Geological Survey of Finland, Espoo.""]",dataset,dataset_metadata,,resolved,,public_download,permitted_research,https://weppi.gtk.fi/publ/foregsatlas/disclaimer.php,dataset,true,not_evaluated_for_project_output,2026-08-06T10:05:00Z
rec-6e35b5779d791697891d314bfa72bb5041b8757809e1172f4b052908a89be544,src-59d2054baa909192d93c1710761e8fde2a4880bd036a03520f8561c815bea883,N24E15F2,As,16,mg/kg,sediment,total_selected_<2mm_floodplain_sediment,,1,mg/kg,35.412341912,24.646516544,EPSG:4326,,,WD-XRF and ED(P)-XRF selected by element,pressed powder pellet,,LicenseRef-FOREGS-Research-Attribution-2005,official_curated,foregs-floodplain-sediment,F_XRF_data_2v6_7Aug07.csv#row=6,,0,0.25,<2 mm; pulverized <0.063 mm,floodplain sediment from a larger drainage basin,sediment_floodplain,dataset_constant,,,,,,,,,,,,floodplain,,,,,,,,,,,,,,,,,,not_reported,file,,source_file_method_constant,,WD-XRF and ED(P)-XRF selected by element,,,,,F_XRF_data_2v6_7Aug07.csv#row=6,,,,,,"[""Salminen, R. et al. (2005). Geochemical Atlas of Europe, Part 1. Geological Survey of Finland, Espoo.""]",dataset,dataset_metadata,,resolved,,public_download,permitted_research,https://weppi.gtk.fi/publ/foregsatlas/disclaimer.php,dataset,true,not_evaluated_for_project_output,2026-08-06T10:05:00Z
rec-6e30862b567e3441f4bc732aa1ad57970faaaa1340e40291ba5a32922f89953c,src-59d2054baa909192d93c1710761e8fde2a4880bd036a03520f8561c815bea883,N24E15F2,Cu,39,mg/kg,sediment,total_selected_<2mm_floodplain_sediment,,1,mg/kg,35.412341912,24.646516544,EPSG:4326,,,WD-XRF and ED(P)-XRF selected by element,pressed powder pellet,,LicenseRef-FOREGS-Research-Attribution-2005,official_curated,foregs-floodplain-sediment,F_XRF_data_2v6_7Aug07.csv#row=6,,0,0.25,<2 mm; pulverized <0.063 mm,floodplain sediment from a larger drainage basin,sediment_floodplain,dataset_constant,,,,,,,,,,,,floodplain,,,,,,,,,,,,,,,,,,not_reported,file,,source_file_method_constant,,WD-XRF and ED(P)-XRF selected by element,,,,,F_XRF_data_2v6_7Aug07.csv#row=6,,,,,,"[""Salminen, R. et al. (2005). Geochemical Atlas of Europe, Part 1. Geological Survey of Finland, Espoo.""]",dataset,dataset_metadata,,resolved,,public_download,permitted_research,https://weppi.gtk.fi/publ/foregsatlas/disclaimer.php,dataset,true,not_evaluated_for_project_output,2026-08-06T10:05:00Z
rec-709a85e01ec8be60701e319ef693204d99b2f5f24956bb5cdacaeefec4f060ad,src-59d2054baa909192d93c1710761e8fde2a4880bd036a03520f8561c815bea883,N24E15F2,Ni,143,mg/kg,sediment,total_selected_<2mm_floodplain_sediment,,1,mg/kg,35.412341912,24.646516544,EPSG:4326,,,WD-XRF and ED(P)-XRF selected by element,pressed powder pellet,,LicenseRef-FOREGS-Research-Attribution-2005,official_curated,foregs-floodplain-sediment,F_XRF_data_2v6_7Aug07.csv#row=6,,0,0.25,<2 mm; pulverized <0.063 mm,floodplain sediment from a larger drainage basin,sediment_floodplain,dataset_constant,,,,,,,,,,,,floodplain,,,,,,,,,,,,,,,,,,not_reported,file,,source_file_method_constant,,WD-XRF and ED(P)-XRF selected by element,,,,,F_XRF_data_2v6_7Aug07.csv#row=6,,,,,,"[""Salminen, R. et al. (2005). Geochemical Atlas of Europe, Part 1. Geological Survey of Finland, Espoo.""]",dataset,dataset_metadata,,resolved,,public_download,permitted_research,https://weppi.gtk.fi/publ/foregsatlas/disclaimer.php,dataset,true,not_evaluated_for_project_output,2026-08-06T10:05:00Z
rec-b2db0deb4cc1d0e8eee44fe3d1fc8f180300d8c9783aa5bdb616fedd43166463,src-59d2054baa909192d93c1710761e8fde2a4880bd036a03520f8561c815bea883,N24E15F2,Zn,82,mg/kg,sediment,total_selected_<2mm_floodplain_sediment,,1,mg/kg,35.412341912,24.646516544,EPSG:4326,,,WD-XRF and ED(P)-XRF selected by element,pressed powder pellet,,LicenseRef-FOREGS-Research-Attribution-2005,official_curated,foregs-floodplain-sediment,F_XRF_data_2v6_7Aug07.csv#row=6,,0,0.25,<2 mm; pulverized <0.063 mm,floodplain sediment from a larger drainage basin,sediment_floodplain,dataset_constant,,,,,,,,,,,,floodplain,,,,,,,,,,,,,,,,,,not_reported,file,,source_file_method_constant,,WD-XRF and ED(P)-XRF selected by element,,,,,F_XRF_data_2v6_7Aug07.csv#row=6,,,,,,"[""Salminen, R. et al. (2005). Geochemical Atlas of Europe, Part 1. Geological Survey of Finland, Espoo.""]",dataset,dataset_metadata,,resolved,,public_download,permitted_research,https://weppi.gtk.fi/publ/foregsatlas/disclaimer.php,dataset,true,not_evaluated_for_project_output,2026-08-06T10:05:00Z
rec-c80b598a753c9402a39d0f3b4f1d98a94f3b4d9bc2331caee567f4731434c395,src-1dfaf5b1682dd4ecd940f53fe8ea19193915565bd2f8e3046ddb115de73d8397,N24E15F4,As,5,mg/kg,sediment,total_selected_<2mm_floodplain_sediment,,1,mg/kg,34.988315269,25.332988602,EPSG:4326,,,WD-XRF and ED(P)-XRF selected by element,pressed powder pellet,,LicenseRef-FOREGS-Research-Attribution-2005,official_curated,foregs-floodplain-sediment,F_XRF_data_2v6_7Aug07.csv#row=7,,0,0.25,<2 mm; pulverized <0.063 mm,floodplain sediment from a larger drainage basin,sediment_floodplain,dataset_constant,,,,,,,,,,,,floodplain,,,,,,,,,,,,,,,,,,not_reported,file,,source_file_method_constant,,WD-XRF and ED(P)-XRF selected by element,,,,,F_XRF_data_2v6_7Aug07.csv#row=7,,,,,,"[""Salminen, R. et al. (2005). Geochemical Atlas of Europe, Part 1. Geological Survey of Finland, Espoo.""]",dataset,dataset_metadata,,resolved,,public_download,permitted_research,https://weppi.gtk.fi/publ/foregsatlas/disclaimer.php,dataset,true,not_evaluated_for_project_output,2026-08-06T10:05:00Z
rec-962c18d06df33b0550bdae4f949ebcb846e94fadbdec8585ecf1ebcc97a35c54,src-1dfaf5b1682dd4ecd940f53fe8ea19193915565bd2f8e3046ddb115de73d8397,N24E15F4,Cu,24,mg/kg,sediment,total_selected_<2mm_floodplain_sediment,,1,mg/kg,34.988315269,25.332988602,EPSG:4326,,,WD-XRF and ED(P)-XRF selected by element,pressed powder pellet,,LicenseRef-FOREGS-Research-Attribution-2005,official_curated,foregs-floodplain-sediment,F_XRF_data_2v6_7Aug07.csv#row=7,,0,0.25,<2 mm; pulverized <0.063 mm,floodplain sediment from a larger drainage basin,sediment_floodplain,dataset_constant,,,,,,,,,,,,floodplain,,,,,,,,,,,,,,,,,,not_reported,file,,source_file_method_constant,,WD-XRF and ED(P)-XRF selected by element,,,,,F_XRF_data_2v6_7Aug07.csv#row=7,,,,,,"[""Salminen, R. et al. (2005). Geochemical Atlas of Europe, Part 1. Geological Survey of Finland, Espoo.""]",dataset,dataset_metadata,,resolved,,public_download,permitted_research,https://weppi.gtk.fi/publ/foregsatlas/disclaimer.php,dataset,true,not_evaluated_for_project_output,2026-08-06T10:05:00Z
rec-49c5f568c8c80c6c7ab760eb6e085b4b4120ea82fe313ca6107bdc2c960c2936,src-1dfaf5b1682dd4ecd940f53fe8ea19193915565bd2f8e3046ddb115de73d8397,N24E15F4,Ni,113,mg/kg,sediment,total_selected_<2mm_floodplain_sediment,,1,mg/kg,34.988315269,25.332988602,EPSG:4326,,,WD-XRF and ED(P)-XRF selected by element,pressed powder pellet,,LicenseRef-FOREGS-Research-Attribution-2005,official_curated,foregs-floodplain-sediment,F_XRF_data_2v6_7Aug07.csv#row=7,,0,0.25,<2 mm; pulverized <0.063 mm,floodplain sediment from a larger drainage basin,sediment_floodplain,dataset_constant,,,,,,,,,,,,floodplain,,,,,,,,,,,,,,,,,,not_reported,file,,source_file_method_constant,,WD-XRF and ED(P)-XRF selected by element,,,,,F_XRF_data_2v6_7Aug07.csv#row=7,,,,,,"[""Salminen, R. et al. (2005). Geochemical Atlas of Europe, Part 1. Geological Survey of Finland, Espoo.""]",dataset,dataset_metadata,,resolved,,public_download,permitted_research,https://weppi.gtk.fi/publ/foregsatlas/disclaimer.php,dataset,true,not_evaluated_for_project_output,2026-08-06T10:05:00Z
rec-b2f300b08bf95b6bf1967c1006dd20a967e127edecce1c91c6aad9304e70bb15,src-1dfaf5b1682dd4ecd940f53fe8ea19193915565bd2f8e3046ddb115de73d8397,N24E15F4,Zn,49,mg/kg,sediment,total_selected_<2mm_floodplain_sediment,,1,mg/kg,34.988315269,25.332988602,EPSG:4326,,,WD-XRF and ED(P)-XRF selected by element,pressed powder pellet,,LicenseRef-FOREGS-Research-Attribution-2005,official_curated,foregs-floodplain-sediment,F_XRF_data_2v6_7Aug07.csv#row=7,,0,0.25,<2 mm; pulverized <0.063 mm,floodplain sediment from a larger drainage basin,sediment_floodplain,dataset_constant,,,,,,,,,,,,floodplain,,,,,,,,,,,,,,,,,,not_reported,file,,source_file_method_constant,,WD-XRF and ED(P)-XRF selected by element,,,,,F_XRF_data_2v6_7Aug07.csv#row=7,,,,,,"[""Salminen, R. et al. (2005). Geochemical Atlas of Europe, Part 1. Geological Survey of Finland, Espoo.""]",dataset,dataset_metadata,,resolved,,public_download,permitted_research,https://weppi.gtk.fi/publ/foregsatlas/disclaimer.php,dataset,true,not_evaluated_for_project_output,2026-08-06T10:05:00Z
rec-42f25d0bc0bf1f3677f62f0ea0dad4433cc7af2c269478ac69ab21d29fea4cc2,src-599ba4c6cb9f8d30d8ae3baa2a53adc3c2f5f93586612efe00a407638ded3a2f,N24E15F5,As,5,mg/kg,sediment,total_selected_<2mm_floodplain_sediment,,1,mg/kg,35.324232941,25.198212727,EPSG:4326,,,WD-XRF and ED(P)-XRF selected by element,pressed powder pellet,,LicenseRef-FOREGS-Research-Attribution-2005,official_curated,foregs-floodplain-sediment,F_XRF_data_2v6_7Aug07.csv#row=8,,0,0.25,<2 mm; pulverized <0.063 mm,floodplain sediment from a larger drainage basin,sediment_floodplain,dataset_constant,,,,,,,,,,,,floodplain,,,,,,,,,,,,,,,,,,not_reported,file,,source_file_method_constant,,WD-XRF and ED(P)-XRF selected by element,,,,,F_XRF_data_2v6_7Aug07.csv#row=8,,,,,,"[""Salminen, R. et al. (2005). Geochemical Atlas of Europe, Part 1. Geological Survey of Finland, Espoo.""]",dataset,dataset_metadata,,resolved,,public_download,permitted_research,https://weppi.gtk.fi/publ/foregsatlas/disclaimer.php,dataset,true,not_evaluated_for_project_output,2026-08-06T10:05:00Z
rec-9da620b1cd6f031eb50f757d5d6d4e737c87b34e3dc05ad3da6908d6f7637c2f,src-599ba4c6cb9f8d30d8ae3baa2a53adc3c2f5f93586612efe00a407638ded3a2f,N24E15F5,Cu,14,mg/kg,sediment,total_selected_<2mm_floodplain_sediment,,1,mg/kg,35.324232941,25.198212727,EPSG:4326,,,WD-XRF and ED(P)-XRF selected by element,pressed powder pellet,,LicenseRef-FOREGS-Research-Attribution-2005,official_curated,foregs-floodplain-sediment,F_XRF_data_2v6_7Aug07.csv#row=8,,0,0.25,<2 mm; pulverized <0.063 mm,floodplain sediment from a larger drainage basin,sediment_floodplain,dataset_constant,,,,,,,,,,,,floodplain,,,,,,,,,,,,,,,,,,not_reported,file,,source_file_method_constant,,WD-XRF and ED(P)-XRF selected by element,,,,,F_XRF_data_2v6_7Aug07.csv#row=8,,,,,,"[""Salminen, R. et al. (2005). Geochemical Atlas of Europe, Part 1. Geological Survey of Finland, Espoo.""]",dataset,dataset_metadata,,resolved,,public_download,permitted_research,https://weppi.gtk.fi/publ/foregsatlas/disclaimer.php,dataset,true,not_evaluated_for_project_output,2026-08-06T10:05:00Z
rec-68f5b979061c503d91d01a7a4dfa21346b6f4ad35341f17c78e37c0e8643e49a,src-599ba4c6cb9f8d30d8ae3baa2a53adc3c2f5f93586612efe00a407638ded3a2f,N24E15F5,Ni,51,mg/kg,sediment,total_selected_<2mm_floodplain_sediment,,1,mg/kg,35.324232941,25.198212727,EPSG:4326,,,WD-XRF and ED(P)-XRF selected by element,pressed powder pellet,,LicenseRef-FOREGS-Research-Attribution-2005,official_curated,foregs-floodplain-sediment,F_XRF_data_2v6_7Aug07.csv#row=8,,0,0.25,<2 mm; pulverized <0.063 mm,floodplain sediment from a larger drainage basin,sediment_floodplain,dataset_constant,,,,,,,,,,,,floodplain,,,,,,,,,,,,,,,,,,not_reported,file,,source_file_method_constant,,WD-XRF and ED(P)-XRF selected by element,,,,,F_XRF_data_2v6_7Aug07.csv#row=8,,,,,,"[""Salminen, R. et al. (2005). Geochemical Atlas of Europe, Part 1. Geological Survey of Finland, Espoo.""]",dataset,dataset_metadata,,resolved,,public_download,permitted_research,https://weppi.gtk.fi/publ/foregsatlas/disclaimer.php,dataset,true,not_evaluated_for_project_output,2026-08-06T10:05:00Z
rec-4a90d4a6ff7b2cb7f50059a992a7f6339e1a958458e93f1e542c8cd4c23602f0,src-599ba4c6cb9f8d30d8ae3baa2a53adc3c2f5f93586612efe00a407638ded3a2f,N24E15F5,Zn,28,mg/kg,sediment,total_selected_<2mm_floodplain_sediment,,1,mg/kg,35.324232941,25.198212727,EPSG:4326,,,WD-XRF and ED(P)-XRF selected by element,pressed powder pellet,,LicenseRef-FOREGS-Research-Attribution-2005,official_curated,foregs-floodplain-sediment,F_XRF_data_2v6_7Aug07.csv#row=8,,0,0.25,<2 mm; pulverized <0.063 mm,floodplain sediment from a larger drainage basin,sediment_floodplain,dataset_constant,,,,,,,,,,,,floodplain,,,,,,,,,,,,,,,,,,not_reported,file,,source_file_method_constant,,WD-XRF and ED(P)-XRF selected by element,,,,,F_XRF_data_2v6_7Aug07.csv#row=8,,,,,,"[""Salminen, R. et al. (2005). Geochemical Atlas of Europe, Part 1. Geological Survey of Finland, Espoo.""]",dataset,dataset_metadata,,resolved,,public_download,permitted_research,https://weppi.gtk.fi/publ/foregsatlas/disclaimer.php,dataset,true,not_evaluated_for_project_output,2026-08-06T10:05:00Z
rec-1969cd78c2545308111e4cc7624519172d87d14f1691082337ee3caf8d4562e1,src-dcb82fc51347163134fdc388feb82006d5c1ad6f4cc833ac0fd822fff5e2f4b7,N24E16F3,As,10,mg/kg,sediment,total_selected_<2mm_floodplain_sediment,,1,mg/kg,35.203105873,26.11120356,EPSG:4326,,,WD-XRF and ED(P)-XRF selected by element,pressed powder pellet,,LicenseRef-FOREGS-Research-Attribution-2005,official_curated,foregs-floodplain-sediment,F_XRF_data_2v6_7Aug07.csv#row=9,,0,0.25,<2 mm; pulverized <0.063 mm,floodplain sediment from a larger drainage basin,sediment_floodplain,dataset_constant,,,,,,,,,,,,floodplain,,,,,,,,,,,,,,,,,,not_reported,file,,source_file_method_constant,,WD-XRF and ED(P)-XRF selected by element,,,,,F_XRF_data_2v6_7Aug07.csv#row=9,,,,,,"[""Salminen, R. et al. (2005). Geochemical Atlas of Europe, Part 1. Geological Survey of Finland, Espoo.""]",dataset,dataset_metadata,,resolved,,public_download,permitted_research,https://weppi.gtk.fi/publ/foregsatlas/disclaimer.php,dataset,true,not_evaluated_for_project_output,2026-08-06T10:05:00Z
rec-3ab4d3c800dea1c72044ad3b8ef8804cc90af1667959847e19739bead66a6470,src-dcb82fc51347163134fdc388feb82006d5c1ad6f4cc833ac0fd822fff5e2f4b7,N24E16F3,Cu,28,mg/kg,sediment,total_selected_<2mm_floodplain_sediment,,1,mg/kg,35.203105873,26.11120356,EPSG:4326,,,WD-XRF and ED(P)-XRF selected by element,pressed powder pellet,,LicenseRef-FOREGS-Research-Attribution-2005,official_curated,foregs-floodplain-sediment,F_XRF_data_2v6_7Aug07.csv#row=9,,0,0.25,<2 mm; pulverized <0.063 mm,floodplain sediment from a larger drainage basin,sediment_floodplain,dataset_constant,,,,,,,,,,,,floodplain,,,,,,,,,,,,,,,,,,not_reported,file,,source_file_method_constant,,WD-XRF and ED(P)-XRF selected by element,,,,,F_XRF_data_2v6_7Aug07.csv#row=9,,,,,,"[""Salminen, R. et al. (2005). Geochemical Atlas of Europe, Part 1. Geological Survey of Finland, Espoo.""]",dataset,dataset_metadata,,resolved,,public_download,permitted_research,https://weppi.gtk.fi/publ/foregsatlas/disclaimer.php,dataset,true,not_evaluated_for_project_output,2026-08-06T10:05:00Z
rec-bbcfa0efe40fd17ed885e1a5daf6b668f1180546ead3d77072b740e2493fc3f1,src-dcb82fc51347163134fdc388feb82006d5c1ad6f4cc833ac0fd822fff5e2f4b7,N24E16F3,Ni,37,mg/kg,sediment,total_selected_<2mm_floodplain_sediment,,1,mg/kg,35.203105873,26.11120356,EPSG:4326,,,WD-XRF and ED(P)-XRF selected by element,pressed powder pellet,,LicenseRef-FOREGS-Research-Attribution-2005,official_curated,foregs-floodplain-sediment,F_XRF_data_2v6_7Aug07.csv#row=9,,0,0.25,<2 mm; pulverized <0.063 mm,floodplain sediment from a larger drainage basin,sediment_floodplain,dataset_constant,,,,,,,,,,,,floodplain,,,,,,,,,,,,,,,,,,not_reported,file,,source_file_method_constant,,WD-XRF and ED(P)-XRF selected by element,,,,,F_XRF_data_2v6_7Aug07.csv#row=9,,,,,,"[""Salminen, R. et al. (2005). Geochemical Atlas of Europe, Part 1. Geological Survey of Finland, Espoo.""]",dataset,dataset_metadata,,resolved,,public_download,permitted_research,https://weppi.gtk.fi/publ/foregsatlas/disclaimer.php,dataset,true,not_evaluated_for_project_output,2026-08-06T10:05:00Z
rec-ed895ba54bd373299c53224574a768e5772b594db16920bc02eb70eda363082d,src-dcb82fc51347163134fdc388feb82006d5c1ad6f4cc833ac0fd822fff5e2f4b7,N24E16F3,Zn,56,mg/kg,sediment,total_selected_<2mm_floodplain_sediment,,1,mg/kg,35.203105873,26.11120356,EPSG:4326,,,WD-XRF and ED(P)-XRF selected by element,pressed powder pellet,,LicenseRef-FOREGS-Research-Attribution-2005,official_curated,foregs-floodplain-sediment,F_XRF_data_2v6_7Aug07.csv#row=9,,0,0.25,<2 mm; pulverized <0.063 mm,floodplain sediment from a larger drainage basin,sediment_floodplain,dataset_constant,,,,,,,,,,,,floodplain,,,,,,,,,,,,,,,,,,not_reported,file,,source_file_method_constant,,WD-XRF and ED(P)-XRF selected by element,,,,,F_XRF_data_2v6_7Aug07.csv#row=9,,,,,,"[""Salminen, R. et al. (2005). Geochemical Atlas of Europe, Part 1. Geological Survey of Finland, Espoo.""]",dataset,dataset_metadata,,resolved,,public_download,permitted_research,https://weppi.gtk.fi/publ/foregsatlas/disclaimer.php,dataset,true,not_evaluated_for_project_output,2026-08-06T10:05:00Z
