record_id,source_record_id,sample_id,element_or_analyte,analyte_reported,value,unit,medium,material,measurement_basis,value_qualifier,missing_reason,detection_limit,detection_limit_unit,original_latitude_raw,original_longitude_raw,latitude,longitude,source_crs,coordinate_transform_method,coordinate_uncertainty_m,geologic_unit,analytical_method,method_family,digestion_or_extraction,laboratory,license,source_tier,source_id,dataset_title,dataset_doi,dataset_version,source_file,source_row,source_locator,file_sha256,sampled_at,sample_depth_min_m,sample_depth_max_m,grain_fraction,coordinate_evidence_scope,coordinate_policy_id,coordinate_latitude_field,coordinate_longitude_field,sample_type_raw,sample_type,sample_type_mapping_status,sample_type_missing_reason,geographic_context_raw,survey_area,map_sheet,cruise_track,lithology_raw,lithology,soil_horizon_raw,soil_horizon,sediment_environment,water_body_type,water_fraction,filtered_state,geologic_unit_raw,geologic_age_raw,tectonic_setting_raw,matched_geologic_unit,geology_map_source,geology_map_version,match_method,match_scale,boundary_distance_m,match_uncertainty,geology_missing_reason,method_scope,method_assignment_basis,preparation,analytical_technique,instrument,quantitation_limit,quantitation_limit_unit,reference_materials,method_source_locator,method_publication_id,method_missing_reason,citation_id_raw,publication_id,publication_doi,citation_text_raw,citation_scope,citation_assignment_basis,upstream_primary_source_id,citation_resolution_status,citation_missing_reason,access_status,research_use_status,license_url,license_scope,attribution_required,redistribution_status,terms_verified_at
rec-d074a91cf83967af9b619dc29db111ff9b860ff058de05f2378ab4a9c583994e,src-f83f296c6f39a25a80da3b7b115f3d2d3a7d6f1cfa292aaa8d22962107918e09,nwisca.01.01000330,As,As,2.3,ug/l,water,,dissolved_surface_freshwater_mass_per_volume,,,0.04,ug/l,38.45566389000000,-121.5016167000000,,,EPSG:4269,,15,,"USGS:PLM10: Elements, wf, cICP-MS (USGS TMR 5-B1)",,dissolved water; USGS filtered-water method,"USGS-National Water Quality Lab, Denver, CO",LicenseRef-USGS-Public-Domain,government,us-wqp-sacramento-river-arsenic,USGS Sacramento River at Freeport dissolved arsenic via Water Quality Portal,,content-snapshot-2026-08-06,results.csv,6,results.csv#row=6,916f17a851b0597c55b4dfd78ace1ad65c13d2c30935b05b2e74b18910d28fcd,2010-01-14T11:50:00,,,,,,,,Water / Surface Water / Stream,water_stream,exact,,,,,,,,,,,stream,dissolved,filtered_water_method,,,,,,,,,,,not_reported,observation,result_row_analytical_method_fields,,"USGS:PLM10: Elements, wf, cICP-MS (USGS TMR 5-B1)",,,,,results.csv#row=6,,,,,,"[""U.S. Geological Survey and National Water Quality Monitoring Council. Water Quality Portal result and station services, USGS-11447650, accessed 2026-08-06.""]",observation,record_citation_ids,,resolved,,public_download,permitted_research,https://www.usgs.gov/information-policies-and-instructions/copyrights-and-credits,dataset,false,not_evaluated_for_project_output,2026-08-06T10:05:00Z
rec-cbcb2169d20af4807d2e5a8b2d9a7ce9c400921331df49512ddb4299410c930d,src-4d934f1c70dec54b8f75eae2f289c5baaa0559b8e9107d38f3ed843eeb47ca17,nwisca.01.01000415,As,As,1.9,ug/l,water,,dissolved_surface_freshwater_mass_per_volume,,,0.04,ug/l,38.45566389000000,-121.5016167000000,,,EPSG:4269,,15,,"USGS:PLM10: Elements, wf, cICP-MS (USGS TMR 5-B1)",,dissolved water; USGS filtered-water method,"USGS-National Water Quality Lab, Denver, CO",LicenseRef-USGS-Public-Domain,government,us-wqp-sacramento-river-arsenic,USGS Sacramento River at Freeport dissolved arsenic via Water Quality Portal,,content-snapshot-2026-08-06,results.csv,4,results.csv#row=4,916f17a851b0597c55b4dfd78ace1ad65c13d2c30935b05b2e74b18910d28fcd,2010-02-16T11:10:00,,,,,,,,Water / Surface Water / Stream,water_stream,exact,,,,,,,,,,,stream,dissolved,filtered_water_method,,,,,,,,,,,not_reported,observation,result_row_analytical_method_fields,,"USGS:PLM10: Elements, wf, cICP-MS (USGS TMR 5-B1)",,,,,results.csv#row=4,,,,,,"[""U.S. Geological Survey and National Water Quality Monitoring Council. Water Quality Portal result and station services, USGS-11447650, accessed 2026-08-06.""]",observation,record_citation_ids,,resolved,,public_download,permitted_research,https://www.usgs.gov/information-policies-and-instructions/copyrights-and-credits,dataset,false,not_evaluated_for_project_output,2026-08-06T10:05:00Z
rec-6029bad91cab7b4dbde13de8e4e1c418a977cf91cdde9a2beb29da829034ebde,src-52679d1167311b5fbc34a8fee8d8b13f2f97e471fda35a2fc425e56bd6450046,nwisca.01.01000456,As,As,1.4,ug/l,water,,dissolved_surface_freshwater_mass_per_volume,,,0.04,ug/l,38.45566389000000,-121.5016167000000,,,EPSG:4269,,15,,"USGS:PLM10: Elements, wf, cICP-MS (USGS TMR 5-B1)",,dissolved water; USGS filtered-water method,"USGS-National Water Quality Lab, Denver, CO",LicenseRef-USGS-Public-Domain,government,us-wqp-sacramento-river-arsenic,USGS Sacramento River at Freeport dissolved arsenic via Water Quality Portal,,content-snapshot-2026-08-06,results.csv,10,results.csv#row=10,916f17a851b0597c55b4dfd78ace1ad65c13d2c30935b05b2e74b18910d28fcd,2010-03-04T10:30:00,,,,,,,,Water / Surface Water / Stream,water_stream,exact,,,,,,,,,,,stream,dissolved,filtered_water_method,,,,,,,,,,,not_reported,observation,result_row_analytical_method_fields,,"USGS:PLM10: Elements, wf, cICP-MS (USGS TMR 5-B1)",,,,,results.csv#row=10,,,,,,"[""U.S. Geological Survey and National Water Quality Monitoring Council. Water Quality Portal result and station services, USGS-11447650, accessed 2026-08-06.""]",observation,record_citation_ids,,resolved,,public_download,permitted_research,https://www.usgs.gov/information-policies-and-instructions/copyrights-and-credits,dataset,false,not_evaluated_for_project_output,2026-08-06T10:05:00Z
rec-c2ca8253bab5a3a8f1ce9a551c6ea7e391e2361b6b69c3d66c8f008b664915aa,src-029af1bce0c1f3305ca6b4b3a3708e06b3a5650b66bda136bff18eca3a6d0935,nwisca.01.01100588,As,As,1.1,ug/l,water,,dissolved_surface_freshwater_mass_per_volume,,,0.02,ug/l,38.45566389000000,-121.5016167000000,,,EPSG:4269,,15,,"USGS:PLM10: Elements, wf, cICP-MS (USGS TMR 5-B1)",,dissolved water; USGS filtered-water method,"USGS-National Water Quality Lab, Denver, CO",LicenseRef-USGS-Public-Domain,government,us-wqp-sacramento-river-arsenic,USGS Sacramento River at Freeport dissolved arsenic via Water Quality Portal,,content-snapshot-2026-08-06,results.csv,2,results.csv#row=2,916f17a851b0597c55b4dfd78ace1ad65c13d2c30935b05b2e74b18910d28fcd,2010-12-28T11:15:00,,,,,,,,Water / Surface Water / Stream,water_stream,exact,,,,,,,,,,,stream,dissolved,filtered_water_method,,,,,,,,,,,not_reported,observation,result_row_analytical_method_fields,,"USGS:PLM10: Elements, wf, cICP-MS (USGS TMR 5-B1)",,,,,results.csv#row=2,,,,,,"[""U.S. Geological Survey and National Water Quality Monitoring Council. Water Quality Portal result and station services, USGS-11447650, accessed 2026-08-06.""]",observation,record_citation_ids,,resolved,,public_download,permitted_research,https://www.usgs.gov/information-policies-and-instructions/copyrights-and-credits,dataset,false,not_evaluated_for_project_output,2026-08-06T10:05:00Z
rec-b73a5bae96f59d1f69e513ceb3a86f98a8095f55a0e10162df11849fc377cc07,src-f45fcfa5899589162e1a235e157c0b6d74bccd7341c713c987dd7a022d5b9f06,nwisca.01.01102342,As,As,0.97,ug/l,water,,dissolved_surface_freshwater_mass_per_volume,,,0.02,ug/l,38.45566389000000,-121.5016167000000,,,EPSG:4269,,15,,"USGS:PLM10: Elements, wf, cICP-MS (USGS TMR 5-B1)",,dissolved water; USGS filtered-water method,"USGS-National Water Quality Lab, Denver, CO",LicenseRef-USGS-Public-Domain,government,us-wqp-sacramento-river-arsenic,USGS Sacramento River at Freeport dissolved arsenic via Water Quality Portal,,content-snapshot-2026-08-06,results.csv,18,results.csv#row=18,916f17a851b0597c55b4dfd78ace1ad65c13d2c30935b05b2e74b18910d28fcd,2011-03-15T10:35:00,,,,,,,,Water / Surface Water / Stream,water_stream,exact,,,,,,,,,,,stream,dissolved,filtered_water_method,,,,,,,,,,,not_reported,observation,result_row_analytical_method_fields,,"USGS:PLM10: Elements, wf, cICP-MS (USGS TMR 5-B1)",,,,,results.csv#row=18,,,,,,"[""U.S. Geological Survey and National Water Quality Monitoring Council. Water Quality Portal result and station services, USGS-11447650, accessed 2026-08-06.""]",observation,record_citation_ids,,resolved,,public_download,permitted_research,https://www.usgs.gov/information-policies-and-instructions/copyrights-and-credits,dataset,false,not_evaluated_for_project_output,2026-08-06T10:05:00Z
rec-30e1f90ee0c06b36203e61c127a1554a000b049ee2371827fa79b422c238ae1d,src-6073f41603de65dae10c11edd169b8235e01105ffd7b1965ca61b65b71125111,nwisca.01.01106021,As,As,0.92,ug/l,water,,dissolved_surface_freshwater_mass_per_volume,,,0.02,ug/l,38.45566389000000,-121.5016167000000,,,EPSG:4269,,15,,"USGS:PLM10: Elements, wf, cICP-MS (USGS TMR 5-B1)",,dissolved water; USGS filtered-water method,"USGS-National Water Quality Lab, Denver, CO",LicenseRef-USGS-Public-Domain,government,us-wqp-sacramento-river-arsenic,USGS Sacramento River at Freeport dissolved arsenic via Water Quality Portal,,content-snapshot-2026-08-06,results.csv,22,results.csv#row=22,916f17a851b0597c55b4dfd78ace1ad65c13d2c30935b05b2e74b18910d28fcd,2011-06-23T10:35:00,,,,,,,,Water / Surface Water / Stream,water_stream,exact,,,,,,,,,,,stream,dissolved,filtered_water_method,,,,,,,,,,,not_reported,observation,result_row_analytical_method_fields,,"USGS:PLM10: Elements, wf, cICP-MS (USGS TMR 5-B1)",,,,,results.csv#row=22,,,,,,"[""U.S. Geological Survey and National Water Quality Monitoring Council. Water Quality Portal result and station services, USGS-11447650, accessed 2026-08-06.""]",observation,record_citation_ids,,resolved,,public_download,permitted_research,https://www.usgs.gov/information-policies-and-instructions/copyrights-and-credits,dataset,false,not_evaluated_for_project_output,2026-08-06T10:05:00Z
rec-4f1aa73639735a2b9c99a5b57089111d32edcc1e6aeb91b9c4426fb4a2a6c121,src-04f66743eb1e6fc2b2bcddb853104ae07165fe9949a7bdbe53a3efc435e73d38,nwisca.01.01200084,As,As,1.2,ug/l,water,,dissolved_surface_freshwater_mass_per_volume,,,0.03,ug/l,38.45566389000000,-121.5016167000000,,,EPSG:4269,,15,,"USGS:PLM10: Elements, wf, cICP-MS (USGS TMR 5-B1)",,dissolved water; USGS filtered-water method,"USGS-National Water Quality Lab, Denver, CO",LicenseRef-USGS-Public-Domain,government,us-wqp-sacramento-river-arsenic,USGS Sacramento River at Freeport dissolved arsenic via Water Quality Portal,,content-snapshot-2026-08-06,results.csv,14,results.csv#row=14,916f17a851b0597c55b4dfd78ace1ad65c13d2c30935b05b2e74b18910d28fcd,2011-10-25T11:30:00,,,,,,,,Water / Surface Water / Stream,water_stream,exact,,,,,,,,,,,stream,dissolved,filtered_water_method,,,,,,,,,,,not_reported,observation,result_row_analytical_method_fields,,"USGS:PLM10: Elements, wf, cICP-MS (USGS TMR 5-B1)",,,,,results.csv#row=14,,,,,,"[""U.S. Geological Survey and National Water Quality Monitoring Council. Water Quality Portal result and station services, USGS-11447650, accessed 2026-08-06.""]",observation,record_citation_ids,,resolved,,public_download,permitted_research,https://www.usgs.gov/information-policies-and-instructions/copyrights-and-credits,dataset,false,not_evaluated_for_project_output,2026-08-06T10:05:00Z
rec-faeb040672976a7d5f38b0d7b938534b736f83bee912436566694ae18c45629c,src-69d9aa22c74eb11bda5253d35751aa087c8d6f8159d41ceaac4c1aa8b31b790d,nwisca.01.01201221,As,As,1.8,ug/l,water,,dissolved_surface_freshwater_mass_per_volume,,,0.03,ug/l,38.45566389000000,-121.5016167000000,,,EPSG:4269,,15,,"USGS:PLM10: Elements, wf, cICP-MS (USGS TMR 5-B1)",,dissolved water; USGS filtered-water method,"USGS-National Water Quality Lab, Denver, CO",LicenseRef-USGS-Public-Domain,government,us-wqp-sacramento-river-arsenic,USGS Sacramento River at Freeport dissolved arsenic via Water Quality Portal,,content-snapshot-2026-08-06,results.csv,26,results.csv#row=26,916f17a851b0597c55b4dfd78ace1ad65c13d2c30935b05b2e74b18910d28fcd,2012-02-09T13:35:00,,,,,,,,Water / Surface Water / Stream,water_stream,exact,,,,,,,,,,,stream,dissolved,filtered_water_method,,,,,,,,,,,not_reported,observation,result_row_analytical_method_fields,,"USGS:PLM10: Elements, wf, cICP-MS (USGS TMR 5-B1)",,,,,results.csv#row=26,,,,,,"[""U.S. Geological Survey and National Water Quality Monitoring Council. Water Quality Portal result and station services, USGS-11447650, accessed 2026-08-06.""]",observation,record_citation_ids,,resolved,,public_download,permitted_research,https://www.usgs.gov/information-policies-and-instructions/copyrights-and-credits,dataset,false,not_evaluated_for_project_output,2026-08-06T10:05:00Z
rec-8eea4b6f3201b3783d08802f71782c1aff506ecad52020632a7ef079c8240bb1,src-ab0b5f7f0409fe557ec2482aaed3129c3bb71ce46aaf48777502385e2b1e4eff,nwisca.01.01203685,As,As,1.2,ug/l,water,,dissolved_surface_freshwater_mass_per_volume,,,0.03,ug/l,38.45566389000000,-121.5016167000000,,,EPSG:4269,,15,,"USGS:PLM10: Elements, wf, cICP-MS (USGS TMR 5-B1)",,dissolved water; USGS filtered-water method,"USGS-National Water Quality Lab, Denver, CO",LicenseRef-USGS-Public-Domain,government,us-wqp-sacramento-river-arsenic,USGS Sacramento River at Freeport dissolved arsenic via Water Quality Portal,,content-snapshot-2026-08-06,results.csv,30,results.csv#row=30,916f17a851b0597c55b4dfd78ace1ad65c13d2c30935b05b2e74b18910d28fcd,2012-04-18T10:55:00,,,,,,,,Water / Surface Water / Stream,water_stream,exact,,,,,,,,,,,stream,dissolved,filtered_water_method,,,,,,,,,,,not_reported,observation,result_row_analytical_method_fields,,"USGS:PLM10: Elements, wf, cICP-MS (USGS TMR 5-B1)",,,,,results.csv#row=30,,,,,,"[""U.S. Geological Survey and National Water Quality Monitoring Council. Water Quality Portal result and station services, USGS-11447650, accessed 2026-08-06.""]",observation,record_citation_ids,,resolved,,public_download,permitted_research,https://www.usgs.gov/information-policies-and-instructions/copyrights-and-credits,dataset,false,not_evaluated_for_project_output,2026-08-06T10:05:00Z
rec-80edd333f45f82c8554b192fbe7aa064bf4176cef40651161ff843640930ae4b,src-7e37815c7be5adf2fc624e7173e7de4eeb9fa65f2fbf150706e6cff87a13e9e3,nwisca.01.01205554,As,As,1.6,ug/l,water,,dissolved_surface_freshwater_mass_per_volume,,,0.03,ug/l,38.45566389000000,-121.5016167000000,,,EPSG:4269,,15,,"USGS:PLM10: Elements, wf, cICP-MS (USGS TMR 5-B1)",,dissolved water; USGS filtered-water method,"USGS-National Water Quality Lab, Denver, CO",LicenseRef-USGS-Public-Domain,government,us-wqp-sacramento-river-arsenic,USGS Sacramento River at Freeport dissolved arsenic via Water Quality Portal,,content-snapshot-2026-08-06,results.csv,34,results.csv#row=34,916f17a851b0597c55b4dfd78ace1ad65c13d2c30935b05b2e74b18910d28fcd,2012-06-12T11:05:00,,,,,,,,Water / Surface Water / Stream,water_stream,exact,,,,,,,,,,,stream,dissolved,filtered_water_method,,,,,,,,,,,not_reported,observation,result_row_analytical_method_fields,,"USGS:PLM10: Elements, wf, cICP-MS (USGS TMR 5-B1)",,,,,results.csv#row=34,,,,,,"[""U.S. Geological Survey and National Water Quality Monitoring Council. Water Quality Portal result and station services, USGS-11447650, accessed 2026-08-06.""]",observation,record_citation_ids,,resolved,,public_download,permitted_research,https://www.usgs.gov/information-policies-and-instructions/copyrights-and-credits,dataset,false,not_evaluated_for_project_output,2026-08-06T10:05:00Z
rec-e6bf0faa37ea18e059db864c6d81fd5f73065022b457d43d7c60bcacb70cbd67,src-58f24b27db43b702dbe71ac06a4ceb36eb85c1847a163a05fe0a9f441a9b4551,nwisca.01.01302426,As,As,1.5,ug/l,water,,dissolved_surface_freshwater_mass_per_volume,,,0.04,ug/l,38.45566389000000,-121.5016167000000,,,EPSG:4269,,15,,"USGS:PLM10: Elements, wf, cICP-MS (USGS TMR 5-B1)",,dissolved water; USGS filtered-water method,"USGS-National Water Quality Lab, Denver, CO",LicenseRef-USGS-Public-Domain,government,us-wqp-sacramento-river-arsenic,USGS Sacramento River at Freeport dissolved arsenic via Water Quality Portal,,content-snapshot-2026-08-06,results.csv,46,results.csv#row=46,916f17a851b0597c55b4dfd78ace1ad65c13d2c30935b05b2e74b18910d28fcd,2013-02-05T12:40:00,,,,,,,,Water / Surface Water / Stream,water_stream,exact,,,,,,,,,,,stream,dissolved,filtered_water_method,,,,,,,,,,,not_reported,observation,result_row_analytical_method_fields,,"USGS:PLM10: Elements, wf, cICP-MS (USGS TMR 5-B1)",,,,,results.csv#row=46,,,,,,"[""U.S. Geological Survey and National Water Quality Monitoring Council. Water Quality Portal result and station services, USGS-11447650, accessed 2026-08-06.""]",observation,record_citation_ids,,resolved,,public_download,permitted_research,https://www.usgs.gov/information-policies-and-instructions/copyrights-and-credits,dataset,false,not_evaluated_for_project_output,2026-08-06T10:05:00Z
rec-5fee8577a11c6c032258dee4343b3fae7d533a597ce9f6606b7d866e82bfd0af,src-f7bfa798696dad1b74ad0391621a73baae52a19f1c0c01fa26ee05d72caa9a05,nwisca.01.01303819,As,As,1.6,ug/l,water,,dissolved_surface_freshwater_mass_per_volume,,,0.04,ug/l,38.45566389000000,-121.5016167000000,,,EPSG:4269,,15,,"USGS:PLM10: Elements, wf, cICP-MS (USGS TMR 5-B1)",,dissolved water; USGS filtered-water method,"USGS-National Water Quality Lab, Denver, CO",LicenseRef-USGS-Public-Domain,government,us-wqp-sacramento-river-arsenic,USGS Sacramento River at Freeport dissolved arsenic via Water Quality Portal,,content-snapshot-2026-08-06,results.csv,50,results.csv#row=50,916f17a851b0597c55b4dfd78ace1ad65c13d2c30935b05b2e74b18910d28fcd,2013-04-11T11:00:00,,,,,,,,Water / Surface Water / Stream,water_stream,exact,,,,,,,,,,,stream,dissolved,filtered_water_method,,,,,,,,,,,not_reported,observation,result_row_analytical_method_fields,,"USGS:PLM10: Elements, wf, cICP-MS (USGS TMR 5-B1)",,,,,results.csv#row=50,,,,,,"[""U.S. Geological Survey and National Water Quality Monitoring Council. Water Quality Portal result and station services, USGS-11447650, accessed 2026-08-06.""]",observation,record_citation_ids,,resolved,,public_download,permitted_research,https://www.usgs.gov/information-policies-and-instructions/copyrights-and-credits,dataset,false,not_evaluated_for_project_output,2026-08-06T10:05:00Z
rec-43d34afa1a86b77c498965ee4bf2bb85844507ca6e8ec1a2998cd6086bc2182e,src-ac7d691b4849ee0d0c2ccdc0395e594047ac49763addcdef72b9f03eaf422f72,nwisca.01.01305094,As,As,1.8,ug/l,water,,dissolved_surface_freshwater_mass_per_volume,,,0.04,ug/l,38.45566389000000,-121.5016167000000,,,EPSG:4269,,15,,"USGS:PLM10: Elements, wf, cICP-MS (USGS TMR 5-B1)",,dissolved water; USGS filtered-water method,"USGS-National Water Quality Lab, Denver, CO",LicenseRef-USGS-Public-Domain,government,us-wqp-sacramento-river-arsenic,USGS Sacramento River at Freeport dissolved arsenic via Water Quality Portal,,content-snapshot-2026-08-06,results.csv,42,results.csv#row=42,916f17a851b0597c55b4dfd78ace1ad65c13d2c30935b05b2e74b18910d28fcd,2013-05-30T11:00:00,,,,,,,,Water / Surface Water / Stream,water_stream,exact,,,,,,,,,,,stream,dissolved,filtered_water_method,,,,,,,,,,,not_reported,observation,result_row_analytical_method_fields,,"USGS:PLM10: Elements, wf, cICP-MS (USGS TMR 5-B1)",,,,,results.csv#row=42,,,,,,"[""U.S. Geological Survey and National Water Quality Monitoring Council. Water Quality Portal result and station services, USGS-11447650, accessed 2026-08-06.""]",observation,record_citation_ids,,resolved,,public_download,permitted_research,https://www.usgs.gov/information-policies-and-instructions/copyrights-and-credits,dataset,false,not_evaluated_for_project_output,2026-08-06T10:05:00Z
rec-843011861d9f9e19f9be97b8a33a2c9de2dbd179b3dda63b2ef0a997658aaa93,src-039befe0b6fae2cd41466bf88a8a7cb1c3818d7ee65bc53b57261c17ee77ae66,nwisca.01.01305847,As,As,1.3,ug/l,water,,dissolved_surface_freshwater_mass_per_volume,,,0.04,ug/l,38.45566389000000,-121.5016167000000,,,EPSG:4269,,15,,"USGS:PLM10: Elements, wf, cICP-MS (USGS TMR 5-B1)",,dissolved water; USGS filtered-water method,"USGS-National Water Quality Lab, Denver, CO",LicenseRef-USGS-Public-Domain,government,us-wqp-sacramento-river-arsenic,USGS Sacramento River at Freeport dissolved arsenic via Water Quality Portal,,content-snapshot-2026-08-06,results.csv,38,results.csv#row=38,916f17a851b0597c55b4dfd78ace1ad65c13d2c30935b05b2e74b18910d28fcd,2013-08-12T13:30:00,,,,,,,,Water / Surface Water / Stream,water_stream,exact,,,,,,,,,,,stream,dissolved,filtered_water_method,,,,,,,,,,,not_reported,observation,result_row_analytical_method_fields,,"USGS:PLM10: Elements, wf, cICP-MS (USGS TMR 5-B1)",,,,,results.csv#row=38,,,,,,"[""U.S. Geological Survey and National Water Quality Monitoring Council. Water Quality Portal result and station services, USGS-11447650, accessed 2026-08-06.""]",observation,record_citation_ids,,resolved,,public_download,permitted_research,https://www.usgs.gov/information-policies-and-instructions/copyrights-and-credits,dataset,false,not_evaluated_for_project_output,2026-08-06T10:05:00Z
rec-9a486fb72f66adf0f1507096724a8db49cd682b75243583b397cdc307f360dde,src-3a8658950c4ba6a93487832691efdaaf5d57e9b909a420811f2af725feb74f11,nwisca.01.01401191,As,As,0.21,ug/l,water,,dissolved_surface_freshwater_mass_per_volume,,,0.10,ug/l,38.45566389000000,-121.5016167000000,,,EPSG:4269,,15,,"USGS:PLM10: Elements, wf, cICP-MS (USGS TMR 5-B1)",,dissolved water; USGS filtered-water method,"USGS-National Water Quality Lab, Denver, CO",LicenseRef-USGS-Public-Domain,government,us-wqp-sacramento-river-arsenic,USGS Sacramento River at Freeport dissolved arsenic via Water Quality Portal,,content-snapshot-2026-08-06,results.csv,62,results.csv#row=62,916f17a851b0597c55b4dfd78ace1ad65c13d2c30935b05b2e74b18910d28fcd,2014-02-13T11:30:00,,,,,,,,Water / Surface Water / Stream,water_stream,exact,,,,,,,,,,,stream,dissolved,filtered_water_method,,,,,,,,,,,not_reported,observation,result_row_analytical_method_fields,,"USGS:PLM10: Elements, wf, cICP-MS (USGS TMR 5-B1)",,,,,results.csv#row=62,,,,,,"[""U.S. Geological Survey and National Water Quality Monitoring Council. Water Quality Portal result and station services, USGS-11447650, accessed 2026-08-06.""]",observation,record_citation_ids,,resolved,,public_download,permitted_research,https://www.usgs.gov/information-policies-and-instructions/copyrights-and-credits,dataset,false,not_evaluated_for_project_output,2026-08-06T10:05:00Z
rec-acec5320d3bcfd55d296d4a6b82ff22c9aeb5976e1777b3f5c81ba1da55b706e,src-b55d4cc74fb7806cbff8af871d3bcc465bf311536cb1b6aeb166b7c869bc492f,nwisca.01.01401404,As,As,2.7,ug/l,water,,dissolved_surface_freshwater_mass_per_volume,,,0.10,ug/l,38.45566389000000,-121.5016167000000,,,EPSG:4269,,15,,"USGS:PLM10: Elements, wf, cICP-MS (USGS TMR 5-B1)",,dissolved water; USGS filtered-water method,"USGS-National Water Quality Lab, Denver, CO",LicenseRef-USGS-Public-Domain,government,us-wqp-sacramento-river-arsenic,USGS Sacramento River at Freeport dissolved arsenic via Water Quality Portal,,content-snapshot-2026-08-06,results.csv,58,results.csv#row=58,916f17a851b0597c55b4dfd78ace1ad65c13d2c30935b05b2e74b18910d28fcd,2014-02-20T11:00:00,,,,,,,,Water / Surface Water / Stream,water_stream,exact,,,,,,,,,,,stream,dissolved,filtered_water_method,,,,,,,,,,,not_reported,observation,result_row_analytical_method_fields,,"USGS:PLM10: Elements, wf, cICP-MS (USGS TMR 5-B1)",,,,,results.csv#row=58,,,,,,"[""U.S. Geological Survey and National Water Quality Monitoring Council. Water Quality Portal result and station services, USGS-11447650, accessed 2026-08-06.""]",observation,record_citation_ids,,resolved,,public_download,permitted_research,https://www.usgs.gov/information-policies-and-instructions/copyrights-and-credits,dataset,false,not_evaluated_for_project_output,2026-08-06T10:05:00Z
rec-d4e50fd18c2652b17adf207b0becb76cebef62bf5d830ce739b76325931bf80e,src-ebf3beb1a0a61454049e0270b8a8bd805e5fda62ebf52ff6ed02879db2e5a2dc,nwisca.01.01402496,As,As,2.4,ug/l,water,,dissolved_surface_freshwater_mass_per_volume,,,0.10,ug/l,38.45566389000000,-121.5016167000000,,,EPSG:4269,,15,,"USGS:PLM10: Elements, wf, cICP-MS (USGS TMR 5-B1)",,dissolved water; USGS filtered-water method,"USGS-National Water Quality Lab, Denver, CO",LicenseRef-USGS-Public-Domain,government,us-wqp-sacramento-river-arsenic,USGS Sacramento River at Freeport dissolved arsenic via Water Quality Portal,,content-snapshot-2026-08-06,results.csv,54,results.csv#row=54,916f17a851b0597c55b4dfd78ace1ad65c13d2c30935b05b2e74b18910d28fcd,2014-04-15T12:00:00,,,,,,,,Water / Surface Water / Stream,water_stream,exact,,,,,,,,,,,stream,dissolved,filtered_water_method,,,,,,,,,,,not_reported,observation,result_row_analytical_method_fields,,"USGS:PLM10: Elements, wf, cICP-MS (USGS TMR 5-B1)",,,,,results.csv#row=54,,,,,,"[""U.S. Geological Survey and National Water Quality Monitoring Council. Water Quality Portal result and station services, USGS-11447650, accessed 2026-08-06.""]",observation,record_citation_ids,,resolved,,public_download,permitted_research,https://www.usgs.gov/information-policies-and-instructions/copyrights-and-credits,dataset,false,not_evaluated_for_project_output,2026-08-06T10:05:00Z
rec-c11b5f34746825091cd3688171d4a58dd948d18dcc602e9ba6b58a6f670ec625,src-2ca3a317b39b1feb9f60a78e13530ba40fac8f5e803f39058468e7d23a71d57a,nwisca.01.01502149,As,As,1.6,ug/l,water,,dissolved_surface_freshwater_mass_per_volume,,,0.10,ug/l,38.45566389000000,-121.5016167000000,,,EPSG:4269,,15,,"USGS:PLM10: Elements, wf, cICP-MS (USGS TMR 5-B1)",,dissolved water; USGS filtered-water method,"USGS-National Water Quality Lab, Denver, CO",LicenseRef-USGS-Public-Domain,government,us-wqp-sacramento-river-arsenic,USGS Sacramento River at Freeport dissolved arsenic via Water Quality Portal,,content-snapshot-2026-08-06,results.csv,66,results.csv#row=66,916f17a851b0597c55b4dfd78ace1ad65c13d2c30935b05b2e74b18910d28fcd,2015-02-20T10:20:00,,,,,,,,Water / Surface Water / Stream,water_stream,exact,,,,,,,,,,,stream,dissolved,filtered_water_method,,,,,,,,,,,not_reported,observation,result_row_analytical_method_fields,,"USGS:PLM10: Elements, wf, cICP-MS (USGS TMR 5-B1)",,,,,results.csv#row=66,,,,,,"[""U.S. Geological Survey and National Water Quality Monitoring Council. Water Quality Portal result and station services, USGS-11447650, accessed 2026-08-06.""]",observation,record_citation_ids,,resolved,,public_download,permitted_research,https://www.usgs.gov/information-policies-and-instructions/copyrights-and-credits,dataset,false,not_evaluated_for_project_output,2026-08-06T10:05:00Z
rec-fdbf9d1e9f0bc813c136ff0c51520dcf8c37e55ce1319d8daca6339b2a2b703c,src-8ba6787d96516c377696ef6354ff323d2e7b376a1c0ed1856a7a36cd4c4f6782,nwisca.01.01503736,As,As,0.10,ug/l,water,,dissolved_surface_freshwater_mass_per_volume,<,,0.10,ug/l,38.45566389000000,-121.5016167000000,,,EPSG:4269,,15,,"USGS:PLM10: Elements, wf, cICP-MS (USGS TMR 5-B1)",,dissolved water; USGS filtered-water method,"USGS-National Water Quality Lab, Denver, CO",LicenseRef-USGS-Public-Domain,government,us-wqp-sacramento-river-arsenic,USGS Sacramento River at Freeport dissolved arsenic via Water Quality Portal,,content-snapshot-2026-08-06,results.csv,76,results.csv#row=76,916f17a851b0597c55b4dfd78ace1ad65c13d2c30935b05b2e74b18910d28fcd,2015-05-08T10:30:00,,,,,,,,Water / Surface Water / Stream,water_stream,exact,,,,,,,,,,,stream,dissolved,filtered_water_method,,,,,,,,,,,not_reported,observation,result_row_analytical_method_fields,,"USGS:PLM10: Elements, wf, cICP-MS (USGS TMR 5-B1)",,,,,results.csv#row=76,,,,,,"[""U.S. Geological Survey and National Water Quality Monitoring Council. Water Quality Portal result and station services, USGS-11447650, accessed 2026-08-06.""]",observation,record_citation_ids,,resolved,,public_download,permitted_research,https://www.usgs.gov/information-policies-and-instructions/copyrights-and-credits,dataset,false,not_evaluated_for_project_output,2026-08-06T10:05:00Z
rec-47ff4468802a0475f4184915f41fa2e7718f81af729b37dbc73d36b2b4a6b32b,src-aae9092a2897f1bd105dcb30b6bd569d9b2c3118a968de7b3255f9f1483b2a0a,nwisca.01.01503777,As,As,1.4,ug/l,water,,dissolved_surface_freshwater_mass_per_volume,,,0.10,ug/l,38.45566389000000,-121.5016167000000,,,EPSG:4269,,15,,"USGS:PLM10: Elements, wf, cICP-MS (USGS TMR 5-B1)",,dissolved water; USGS filtered-water method,"USGS-National Water Quality Lab, Denver, CO",LicenseRef-USGS-Public-Domain,government,us-wqp-sacramento-river-arsenic,USGS Sacramento River at Freeport dissolved arsenic via Water Quality Portal,,content-snapshot-2026-08-06,results.csv,70,results.csv#row=70,916f17a851b0597c55b4dfd78ace1ad65c13d2c30935b05b2e74b18910d28fcd,2015-05-19T10:30:00,,,,,,,,Water / Surface Water / Stream,water_stream,exact,,,,,,,,,,,stream,dissolved,filtered_water_method,,,,,,,,,,,not_reported,observation,result_row_analytical_method_fields,,"USGS:PLM10: Elements, wf, cICP-MS (USGS TMR 5-B1)",,,,,results.csv#row=70,,,,,,"[""U.S. Geological Survey and National Water Quality Monitoring Council. Water Quality Portal result and station services, USGS-11447650, accessed 2026-08-06.""]",observation,record_citation_ids,,resolved,,public_download,permitted_research,https://www.usgs.gov/information-policies-and-instructions/copyrights-and-credits,dataset,false,not_evaluated_for_project_output,2026-08-06T10:05:00Z
rec-f495a2a37e6739f8dadb6c6561bd050a1b16d4141619de1050e384b500943de5,src-14d4ceef69802e8b3e3c38a9543dbf336f87985600dc7c1d193c97655e66e488,nwisca.01.01504193,As,As,1.8,ug/l,water,,dissolved_surface_freshwater_mass_per_volume,,,0.10,ug/l,38.45566389000000,-121.5016167000000,,,EPSG:4269,,15,,"USGS:PLM10: Elements, wf, cICP-MS (USGS TMR 5-B1)",,dissolved water; USGS filtered-water method,"USGS-National Water Quality Lab, Denver, CO",LicenseRef-USGS-Public-Domain,government,us-wqp-sacramento-river-arsenic,USGS Sacramento River at Freeport dissolved arsenic via Water Quality Portal,,content-snapshot-2026-08-06,results.csv,78,results.csv#row=78,916f17a851b0597c55b4dfd78ace1ad65c13d2c30935b05b2e74b18910d28fcd,2015-06-04T11:00:00,,,,,,,,Water / Surface Water / Stream,water_stream,exact,,,,,,,,,,,stream,dissolved,filtered_water_method,,,,,,,,,,,not_reported,observation,result_row_analytical_method_fields,,"USGS:PLM10: Elements, wf, cICP-MS (USGS TMR 5-B1)",,,,,results.csv#row=78,,,,,,"[""U.S. Geological Survey and National Water Quality Monitoring Council. Water Quality Portal result and station services, USGS-11447650, accessed 2026-08-06.""]",observation,record_citation_ids,,resolved,,public_download,permitted_research,https://www.usgs.gov/information-policies-and-instructions/copyrights-and-credits,dataset,false,not_evaluated_for_project_output,2026-08-06T10:05:00Z
rec-895afe71a511bc22952e549ece8df73e0a7ae377a9cc150953ee9a9d289180bd,src-7477e74dbf00d5bdc6980a6daf08a480614688ba4e2f28891258fa044821fcff,nwisca.01.01600550,As,As,1.9,ug/l,water,,dissolved_surface_freshwater_mass_per_volume,,,0.10,ug/l,38.45566389000000,-121.5016167000000,,,EPSG:4269,,15,,"USGS:PLM10: Elements, wf, cICP-MS (USGS TMR 5-B1)",,dissolved water; USGS filtered-water method,"USGS-National Water Quality Lab, Denver, CO",LicenseRef-USGS-Public-Domain,government,us-wqp-sacramento-river-arsenic,USGS Sacramento River at Freeport dissolved arsenic via Water Quality Portal,,content-snapshot-2026-08-06,results.csv,74,results.csv#row=74,916f17a851b0597c55b4dfd78ace1ad65c13d2c30935b05b2e74b18910d28fcd,2015-12-09T10:00:00,,,,,,,,Water / Surface Water / Stream,water_stream,exact,,,,,,,,,,,stream,dissolved,filtered_water_method,,,,,,,,,,,not_reported,observation,result_row_analytical_method_fields,,"USGS:PLM10: Elements, wf, cICP-MS (USGS TMR 5-B1)",,,,,results.csv#row=74,,,,,,"[""U.S. Geological Survey and National Water Quality Monitoring Council. Water Quality Portal result and station services, USGS-11447650, accessed 2026-08-06.""]",observation,record_citation_ids,,resolved,,public_download,permitted_research,https://www.usgs.gov/information-policies-and-instructions/copyrights-and-credits,dataset,false,not_evaluated_for_project_output,2026-08-06T10:05:00Z
rec-1cd153c78db345f81afccf2ca83f6d59ba773731cdcc247c40a3589fe3c5d750,src-6cc8af9fba4cd7bcb43ea0f97b7255aaccf208d8ef8854e44f2e14e91c81ea54,nwisca.01.01601643,As,As,1.7,ug/l,water,,dissolved_surface_freshwater_mass_per_volume,,,0.10,ug/l,38.45566389000000,-121.5016167000000,,,EPSG:4269,,15,,"USGS:PLM10: Elements, wf, cICP-MS (USGS TMR 5-B1)",,dissolved water; USGS filtered-water method,"USGS-National Water Quality Lab, Denver, CO",LicenseRef-USGS-Public-Domain,government,us-wqp-sacramento-river-arsenic,USGS Sacramento River at Freeport dissolved arsenic via Water Quality Portal,,content-snapshot-2026-08-06,results.csv,90,results.csv#row=90,916f17a851b0597c55b4dfd78ace1ad65c13d2c30935b05b2e74b18910d28fcd,2016-02-10T12:00:00,,,,,,,,Water / Surface Water / Stream,water_stream,exact,,,,,,,,,,,stream,dissolved,filtered_water_method,,,,,,,,,,,not_reported,observation,result_row_analytical_method_fields,,"USGS:PLM10: Elements, wf, cICP-MS (USGS TMR 5-B1)",,,,,results.csv#row=90,,,,,,"[""U.S. Geological Survey and National Water Quality Monitoring Council. Water Quality Portal result and station services, USGS-11447650, accessed 2026-08-06.""]",observation,record_citation_ids,,resolved,,public_download,permitted_research,https://www.usgs.gov/information-policies-and-instructions/copyrights-and-credits,dataset,false,not_evaluated_for_project_output,2026-08-06T10:05:00Z
rec-eb80e00470a3a5d0d2a42e23a8b4ec2e6c4e4585f7ba2717d425fca0d7aa8b09,src-eb0acc0b9d8ba111f8e751f51588cba207ba0c21d3a6c1bbecbe7fa90b1b6bd7,nwisca.01.01602679,As,As,1.3,ug/l,water,,dissolved_surface_freshwater_mass_per_volume,,,0.10,ug/l,38.45566389000000,-121.5016167000000,,,EPSG:4269,,15,,"USGS:PLM10: Elements, wf, cICP-MS (USGS TMR 5-B1)",,dissolved water; USGS filtered-water method,"USGS-National Water Quality Lab, Denver, CO",LicenseRef-USGS-Public-Domain,government,us-wqp-sacramento-river-arsenic,USGS Sacramento River at Freeport dissolved arsenic via Water Quality Portal,,content-snapshot-2026-08-06,results.csv,86,results.csv#row=86,916f17a851b0597c55b4dfd78ace1ad65c13d2c30935b05b2e74b18910d28fcd,2016-03-30T11:00:00,,,,,,,,Water / Surface Water / Stream,water_stream,exact,,,,,,,,,,,stream,dissolved,filtered_water_method,,,,,,,,,,,not_reported,observation,result_row_analytical_method_fields,,"USGS:PLM10: Elements, wf, cICP-MS (USGS TMR 5-B1)",,,,,results.csv#row=86,,,,,,"[""U.S. Geological Survey and National Water Quality Monitoring Council. Water Quality Portal result and station services, USGS-11447650, accessed 2026-08-06.""]",observation,record_citation_ids,,resolved,,public_download,permitted_research,https://www.usgs.gov/information-policies-and-instructions/copyrights-and-credits,dataset,false,not_evaluated_for_project_output,2026-08-06T10:05:00Z
rec-b25a9af3fe8659f239bb95ebae783f56594410c78c4a0223b319b6a3f36dafab,src-458e6ab4600387e55bba8db05f5f7d26a1c0dde88bb0db7e1dc138f9caa37f3e,nwisca.01.01700082,As,As,1.4,ug/l,water,,dissolved_surface_freshwater_mass_per_volume,,,0.05,ug/l,38.45566389000000,-121.5016167000000,,,EPSG:4269,,15,,"USGS:PLM10: Elements, wf, cICP-MS (USGS TMR 5-B1)",,dissolved water; USGS filtered-water method,"USGS-National Water Quality Lab, Denver, CO",LicenseRef-USGS-Public-Domain,government,us-wqp-sacramento-river-arsenic,USGS Sacramento River at Freeport dissolved arsenic via Water Quality Portal,,content-snapshot-2026-08-06,results.csv,82,results.csv#row=82,916f17a851b0597c55b4dfd78ace1ad65c13d2c30935b05b2e74b18910d28fcd,2016-10-19T13:00:00,,,,,,,,Water / Surface Water / Stream,water_stream,exact,,,,,,,,,,,stream,dissolved,filtered_water_method,,,,,,,,,,,not_reported,observation,result_row_analytical_method_fields,,"USGS:PLM10: Elements, wf, cICP-MS (USGS TMR 5-B1)",,,,,results.csv#row=82,,,,,,"[""U.S. Geological Survey and National Water Quality Monitoring Council. Water Quality Portal result and station services, USGS-11447650, accessed 2026-08-06.""]",observation,record_citation_ids,,resolved,,public_download,permitted_research,https://www.usgs.gov/information-policies-and-instructions/copyrights-and-credits,dataset,false,not_evaluated_for_project_output,2026-08-06T10:05:00Z
rec-94396a904c9cde315b4d349e036ea0f0d5908ebe5117241340f2e1a3d1612703,src-58f38a82ffcb23567f2ec8189f8cb00af2f3c9925735305e6917c94a9e5c25dc,nwisca.01.01701241,As,As,0.67,ug/l,water,,dissolved_surface_freshwater_mass_per_volume,,,0.05,ug/l,38.45566389000000,-121.5016167000000,,,EPSG:4269,,15,,"USGS:PLM10: Elements, wf, cICP-MS (USGS TMR 5-B1)",,dissolved water; USGS filtered-water method,"USGS-National Water Quality Lab, Denver, CO",LicenseRef-USGS-Public-Domain,government,us-wqp-sacramento-river-arsenic,USGS Sacramento River at Freeport dissolved arsenic via Water Quality Portal,,content-snapshot-2026-08-06,results.csv,94,results.csv#row=94,916f17a851b0597c55b4dfd78ace1ad65c13d2c30935b05b2e74b18910d28fcd,2017-01-17T10:30:00,,,,,,,,Water / Surface Water / Stream,water_stream,exact,,,,,,,,,,,stream,dissolved,filtered_water_method,,,,,,,,,,,not_reported,observation,result_row_analytical_method_fields,,"USGS:PLM10: Elements, wf, cICP-MS (USGS TMR 5-B1)",,,,,results.csv#row=94,,,,,,"[""U.S. Geological Survey and National Water Quality Monitoring Council. Water Quality Portal result and station services, USGS-11447650, accessed 2026-08-06.""]",observation,record_citation_ids,,resolved,,public_download,permitted_research,https://www.usgs.gov/information-policies-and-instructions/copyrights-and-credits,dataset,false,not_evaluated_for_project_output,2026-08-06T10:05:00Z
rec-f258ebdf6f215342db43bb10e8dff01db0c9e5496db346cbd4afe25d1d6861e7,src-0a43f3a81397b11a5f507656016b6064a464f24ee322ea31a4518741bb8e8e9b,nwisca.01.01705650,As,As,0.80,ug/l,water,,dissolved_surface_freshwater_mass_per_volume,,,0.05,ug/l,38.45566389000000,-121.5016167000000,,,EPSG:4269,,15,,"USGS:PLM10: Elements, wf, cICP-MS (USGS TMR 5-B1)",,dissolved water; USGS filtered-water method,"USGS-National Water Quality Lab, Denver, CO",LicenseRef-USGS-Public-Domain,government,us-wqp-sacramento-river-arsenic,USGS Sacramento River at Freeport dissolved arsenic via Water Quality Portal,,content-snapshot-2026-08-06,results.csv,98,results.csv#row=98,916f17a851b0597c55b4dfd78ace1ad65c13d2c30935b05b2e74b18910d28fcd,2017-06-07T11:30:00,,,,,,,,Water / Surface Water / Stream,water_stream,exact,,,,,,,,,,,stream,dissolved,filtered_water_method,,,,,,,,,,,not_reported,observation,result_row_analytical_method_fields,,"USGS:PLM10: Elements, wf, cICP-MS (USGS TMR 5-B1)",,,,,results.csv#row=98,,,,,,"[""U.S. Geological Survey and National Water Quality Monitoring Council. Water Quality Portal result and station services, USGS-11447650, accessed 2026-08-06.""]",observation,record_citation_ids,,resolved,,public_download,permitted_research,https://www.usgs.gov/information-policies-and-instructions/copyrights-and-credits,dataset,false,not_evaluated_for_project_output,2026-08-06T10:05:00Z
rec-54f25f53c87c9a1d3a1e82db806dc2a616da1c9ec08e3d3499ecfe775ca09362,src-0217b0dc8d6e7eb59849dc0983f3cef232eadfa8be1b1c3283f4685372014bf1,nwisca.01.01706414,As,As,1.0,ug/l,water,,dissolved_surface_freshwater_mass_per_volume,,,0.05,ug/l,38.45566389000000,-121.5016167000000,,,EPSG:4269,,15,,"USGS:PLM10: Elements, wf, cICP-MS (USGS TMR 5-B1)",,dissolved water; USGS filtered-water method,"USGS-National Water Quality Lab, Denver, CO",LicenseRef-USGS-Public-Domain,government,us-wqp-sacramento-river-arsenic,USGS Sacramento River at Freeport dissolved arsenic via Water Quality Portal,,content-snapshot-2026-08-06,results.csv,106,results.csv#row=106,916f17a851b0597c55b4dfd78ace1ad65c13d2c30935b05b2e74b18910d28fcd,2017-06-22T11:30:00,,,,,,,,Water / Surface Water / Stream,water_stream,exact,,,,,,,,,,,stream,dissolved,filtered_water_method,,,,,,,,,,,not_reported,observation,result_row_analytical_method_fields,,"USGS:PLM10: Elements, wf, cICP-MS (USGS TMR 5-B1)",,,,,results.csv#row=106,,,,,,"[""U.S. Geological Survey and National Water Quality Monitoring Council. Water Quality Portal result and station services, USGS-11447650, accessed 2026-08-06.""]",observation,record_citation_ids,,resolved,,public_download,permitted_research,https://www.usgs.gov/information-policies-and-instructions/copyrights-and-credits,dataset,false,not_evaluated_for_project_output,2026-08-06T10:05:00Z
rec-638a18208dd347f4434f28c6483f31621f2e47631aa74328901722f7790223f8,src-6b2be568e99f0c2adf8bf744f8acff95b41b6489bad4f1f32979a1c86c4d0af9,nwisca.01.01707257,As,As,1.2,ug/l,water,,dissolved_surface_freshwater_mass_per_volume,,,0.05,ug/l,38.45566389000000,-121.5016167000000,,,EPSG:4269,,15,,"USGS:PLM10: Elements, wf, cICP-MS (USGS TMR 5-B1)",,dissolved water; USGS filtered-water method,"USGS-National Water Quality Lab, Denver, CO",LicenseRef-USGS-Public-Domain,government,us-wqp-sacramento-river-arsenic,USGS Sacramento River at Freeport dissolved arsenic via Water Quality Portal,,content-snapshot-2026-08-06,results.csv,102,results.csv#row=102,916f17a851b0597c55b4dfd78ace1ad65c13d2c30935b05b2e74b18910d28fcd,2017-08-21T09:40:00,,,,,,,,Water / Surface Water / Stream,water_stream,exact,,,,,,,,,,,stream,dissolved,filtered_water_method,,,,,,,,,,,not_reported,observation,result_row_analytical_method_fields,,"USGS:PLM10: Elements, wf, cICP-MS (USGS TMR 5-B1)",,,,,results.csv#row=102,,,,,,"[""U.S. Geological Survey and National Water Quality Monitoring Council. Water Quality Portal result and station services, USGS-11447650, accessed 2026-08-06.""]",observation,record_citation_ids,,resolved,,public_download,permitted_research,https://www.usgs.gov/information-policies-and-instructions/copyrights-and-credits,dataset,false,not_evaluated_for_project_output,2026-08-06T10:05:00Z
rec-45fdb0cf10b2284bbc8de09668a61958149752ff9ddc7ebac9aabbf11efaf9ba,src-8736ff59b9403a11ffa5ba1f4aff40a5648344425131ed419199c1994b622f4e,nwisca.01.01801106,As,As,1.8,ug/l,water,,dissolved_surface_freshwater_mass_per_volume,,,0.05,ug/l,38.45566389000000,-121.5016167000000,,,EPSG:4269,,15,,"USGS:PLM10: Elements, wf, cICP-MS (USGS TMR 5-B1)",,dissolved water; USGS filtered-water method,"USGS-National Water Quality Lab, Denver, CO",LicenseRef-USGS-Public-Domain,government,us-wqp-sacramento-river-arsenic,USGS Sacramento River at Freeport dissolved arsenic via Water Quality Portal,,content-snapshot-2026-08-06,results.csv,118,results.csv#row=118,916f17a851b0597c55b4dfd78ace1ad65c13d2c30935b05b2e74b18910d28fcd,2018-01-17T11:30:00,,,,,,,,Water / Surface Water / Stream,water_stream,exact,,,,,,,,,,,stream,dissolved,filtered_water_method,,,,,,,,,,,not_reported,observation,result_row_analytical_method_fields,,"USGS:PLM10: Elements, wf, cICP-MS (USGS TMR 5-B1)",,,,,results.csv#row=118,,,,,,"[""U.S. Geological Survey and National Water Quality Monitoring Council. Water Quality Portal result and station services, USGS-11447650, accessed 2026-08-06.""]",observation,record_citation_ids,,resolved,,public_download,permitted_research,https://www.usgs.gov/information-policies-and-instructions/copyrights-and-credits,dataset,false,not_evaluated_for_project_output,2026-08-06T10:05:00Z
rec-49e29c0421ba836245c696f8e9c8eb94b40a57f33c51b6d310959ec009e5c44d,src-604ff9477045513e1cf78134eb8c5bb4d1875fe9e2a2b77c87bb2c0272dccc3f,nwisca.01.01801486,As,As,1.5,ug/l,water,,dissolved_surface_freshwater_mass_per_volume,,,0.05,ug/l,38.45566389000000,-121.5016167000000,,,EPSG:4269,,15,,"USGS:PLM10: Elements, wf, cICP-MS (USGS TMR 5-B1)",,dissolved water; USGS filtered-water method,"USGS-National Water Quality Lab, Denver, CO",LicenseRef-USGS-Public-Domain,government,us-wqp-sacramento-river-arsenic,USGS Sacramento River at Freeport dissolved arsenic via Water Quality Portal,,content-snapshot-2026-08-06,results.csv,122,results.csv#row=122,916f17a851b0597c55b4dfd78ace1ad65c13d2c30935b05b2e74b18910d28fcd,2018-01-31T12:00:00,,,,,,,,Water / Surface Water / Stream,water_stream,exact,,,,,,,,,,,stream,dissolved,filtered_water_method,,,,,,,,,,,not_reported,observation,result_row_analytical_method_fields,,"USGS:PLM10: Elements, wf, cICP-MS (USGS TMR 5-B1)",,,,,results.csv#row=122,,,,,,"[""U.S. Geological Survey and National Water Quality Monitoring Council. Water Quality Portal result and station services, USGS-11447650, accessed 2026-08-06.""]",observation,record_citation_ids,,resolved,,public_download,permitted_research,https://www.usgs.gov/information-policies-and-instructions/copyrights-and-credits,dataset,false,not_evaluated_for_project_output,2026-08-06T10:05:00Z
rec-fbb1bea4cc3768840f0b4fe70cca1ee554ea9a76988bfbb62fe2e58ebb320bc2,src-01b22d2d769c30b4ce89cf0afd02c71cd97a71bab2d0c3e76767dcf02d7f7c70,nwisca.01.01802017,As,As,1.3,ug/l,water,,dissolved_surface_freshwater_mass_per_volume,,,0.05,ug/l,38.45566389000000,-121.5016167000000,,,EPSG:4269,,15,,"USGS:PLM10: Elements, wf, cICP-MS (USGS TMR 5-B1)",,dissolved water; USGS filtered-water method,"USGS-National Water Quality Lab, Denver, CO",LicenseRef-USGS-Public-Domain,government,us-wqp-sacramento-river-arsenic,USGS Sacramento River at Freeport dissolved arsenic via Water Quality Portal,,content-snapshot-2026-08-06,results.csv,110,results.csv#row=110,916f17a851b0597c55b4dfd78ace1ad65c13d2c30935b05b2e74b18910d28fcd,2018-02-28T09:30:00,,,,,,,,Water / Surface Water / Stream,water_stream,exact,,,,,,,,,,,stream,dissolved,filtered_water_method,,,,,,,,,,,not_reported,observation,result_row_analytical_method_fields,,"USGS:PLM10: Elements, wf, cICP-MS (USGS TMR 5-B1)",,,,,results.csv#row=110,,,,,,"[""U.S. Geological Survey and National Water Quality Monitoring Council. Water Quality Portal result and station services, USGS-11447650, accessed 2026-08-06.""]",observation,record_citation_ids,,resolved,,public_download,permitted_research,https://www.usgs.gov/information-policies-and-instructions/copyrights-and-credits,dataset,false,not_evaluated_for_project_output,2026-08-06T10:05:00Z
rec-104949b0d6b4ab7532415ae5c1a287c25af68c07d26b71e1d03fb4e30051750e,src-ca062299ebec4fe6fb39a5bf9c825d3f6e290a770f00864cbac8d04b949342a5,nwisca.01.01900092,As,As,1.1,ug/l,water,,dissolved_surface_freshwater_mass_per_volume,,,0.1,ug/l,38.45566389000000,-121.5016167000000,,,EPSG:4269,,15,,"USGS:PLM10: Elements, wf, cICP-MS (USGS TMR 5-B1)",,dissolved water; USGS filtered-water method,"USGS-National Water Quality Lab, Denver, CO",LicenseRef-USGS-Public-Domain,government,us-wqp-sacramento-river-arsenic,USGS Sacramento River at Freeport dissolved arsenic via Water Quality Portal,,content-snapshot-2026-08-06,results.csv,114,results.csv#row=114,916f17a851b0597c55b4dfd78ace1ad65c13d2c30935b05b2e74b18910d28fcd,2018-10-17T11:30:00,,,,,,,,Water / Surface Water / Stream,water_stream,exact,,,,,,,,,,,stream,dissolved,filtered_water_method,,,,,,,,,,,not_reported,observation,result_row_analytical_method_fields,,"USGS:PLM10: Elements, wf, cICP-MS (USGS TMR 5-B1)",,,,,results.csv#row=114,,,,,,"[""U.S. Geological Survey and National Water Quality Monitoring Council. Water Quality Portal result and station services, USGS-11447650, accessed 2026-08-06.""]",observation,record_citation_ids,,resolved,,public_download,permitted_research,https://www.usgs.gov/information-policies-and-instructions/copyrights-and-credits,dataset,false,not_evaluated_for_project_output,2026-08-06T10:05:00Z
rec-d4d19821b8f33b91e8dd9cf17f2c3f309d06cad4f6f881796478f51e145d576c,src-4408127cdd5549de95dabc3f1ddd987b2a746ce784cbcd9dab9a9c1b718e3ac4,nwisca.01.01901610,As,As,1.0,ug/l,water,,dissolved_surface_freshwater_mass_per_volume,,,0.1,ug/l,38.45566389000000,-121.5016167000000,,,EPSG:4269,,15,,"USGS:PLM10: Elements, wf, cICP-MS (USGS TMR 5-B1)",,dissolved water; USGS filtered-water method,"USGS-National Water Quality Lab, Denver, CO",LicenseRef-USGS-Public-Domain,government,us-wqp-sacramento-river-arsenic,USGS Sacramento River at Freeport dissolved arsenic via Water Quality Portal,,content-snapshot-2026-08-06,results.csv,130,results.csv#row=130,916f17a851b0597c55b4dfd78ace1ad65c13d2c30935b05b2e74b18910d28fcd,2019-02-14T09:30:00,,,,,,,,Water / Surface Water / Stream,water_stream,exact,,,,,,,,,,,stream,dissolved,filtered_water_method,,,,,,,,,,,not_reported,observation,result_row_analytical_method_fields,,"USGS:PLM10: Elements, wf, cICP-MS (USGS TMR 5-B1)",,,,,results.csv#row=130,,,,,,"[""U.S. Geological Survey and National Water Quality Monitoring Council. Water Quality Portal result and station services, USGS-11447650, accessed 2026-08-06.""]",observation,record_citation_ids,,resolved,,public_download,permitted_research,https://www.usgs.gov/information-policies-and-instructions/copyrights-and-credits,dataset,false,not_evaluated_for_project_output,2026-08-06T10:05:00Z
rec-4f8a7bfe15f267759a1c16c3fcd440ae82b35578cb399bb4c7a618cf0d3a749e,src-ed90b55aea38e8ec52295a51e696b6bd1b4a4033ff9e699e6bdb333db08c43b3,nwisca.01.01902875,As,As,1.0,ug/l,water,,dissolved_surface_freshwater_mass_per_volume,,,0.1,ug/l,38.45566389000000,-121.5016167000000,,,EPSG:4269,,15,,"USGS:PLM10: Elements, wf, cICP-MS (USGS TMR 5-B1)",,dissolved water; USGS filtered-water method,"USGS-National Water Quality Lab, Denver, CO",LicenseRef-USGS-Public-Domain,government,us-wqp-sacramento-river-arsenic,USGS Sacramento River at Freeport dissolved arsenic via Water Quality Portal,,content-snapshot-2026-08-06,results.csv,126,results.csv#row=126,916f17a851b0597c55b4dfd78ace1ad65c13d2c30935b05b2e74b18910d28fcd,2019-03-13T11:30:00,,,,,,,,Water / Surface Water / Stream,water_stream,exact,,,,,,,,,,,stream,dissolved,filtered_water_method,,,,,,,,,,,not_reported,observation,result_row_analytical_method_fields,,"USGS:PLM10: Elements, wf, cICP-MS (USGS TMR 5-B1)",,,,,results.csv#row=126,,,,,,"[""U.S. Geological Survey and National Water Quality Monitoring Council. Water Quality Portal result and station services, USGS-11447650, accessed 2026-08-06.""]",observation,record_citation_ids,,resolved,,public_download,permitted_research,https://www.usgs.gov/information-policies-and-instructions/copyrights-and-credits,dataset,false,not_evaluated_for_project_output,2026-08-06T10:05:00Z
rec-8238890cbb00bd153cc9811eace5761a064a6848321503cf3ee15569e663b652,src-6b5d2b607eb918095796e151eac855c8db9d096ce7e292fe3f14b75cf4e90fc7,nwisca.01.01905466,As,As,0.67,ug/l,water,,dissolved_surface_freshwater_mass_per_volume,,,0.1,ug/l,38.45566389000000,-121.5016167000000,,,EPSG:4269,,15,,"USGS:PLM10: Elements, wf, cICP-MS (USGS TMR 5-B1)",,dissolved water; USGS filtered-water method,"USGS-National Water Quality Lab, Denver, CO",LicenseRef-USGS-Public-Domain,government,us-wqp-sacramento-river-arsenic,USGS Sacramento River at Freeport dissolved arsenic via Water Quality Portal,,content-snapshot-2026-08-06,results.csv,134,results.csv#row=134,916f17a851b0597c55b4dfd78ace1ad65c13d2c30935b05b2e74b18910d28fcd,2019-06-06T11:30:00,,,,,,,,Water / Surface Water / Stream,water_stream,exact,,,,,,,,,,,stream,dissolved,filtered_water_method,,,,,,,,,,,not_reported,observation,result_row_analytical_method_fields,,"USGS:PLM10: Elements, wf, cICP-MS (USGS TMR 5-B1)",,,,,results.csv#row=134,,,,,,"[""U.S. Geological Survey and National Water Quality Monitoring Council. Water Quality Portal result and station services, USGS-11447650, accessed 2026-08-06.""]",observation,record_citation_ids,,resolved,,public_download,permitted_research,https://www.usgs.gov/information-policies-and-instructions/copyrights-and-credits,dataset,false,not_evaluated_for_project_output,2026-08-06T10:05:00Z
rec-1e30101c6b86207780edbfc4df2a8a6ed03b644d1fcc9d40fe73b55e38f40f10,src-d87b9a97142127f058e5bd1de2dbca662333ff28a7b378a7326106c27dc76efb,nwisca.01.02000150,As,As,1.0,ug/l,water,,dissolved_surface_freshwater_mass_per_volume,,,0.1,ug/l,38.45566389000000,-121.5016167000000,,,EPSG:4269,,15,,"USGS:PLM10: Elements, wf, cICP-MS (USGS TMR 5-B1)",,dissolved water; USGS filtered-water method,"USGS-National Water Quality Lab, Denver, CO",LicenseRef-USGS-Public-Domain,government,us-wqp-sacramento-river-arsenic,USGS Sacramento River at Freeport dissolved arsenic via Water Quality Portal,,content-snapshot-2026-08-06,results.csv,129,results.csv#row=129,916f17a851b0597c55b4dfd78ace1ad65c13d2c30935b05b2e74b18910d28fcd,2019-10-09T11:30:00,,,,,,,,Water / Surface Water / Stream,water_stream,exact,,,,,,,,,,,stream,dissolved,filtered_water_method,,,,,,,,,,,not_reported,observation,result_row_analytical_method_fields,,"USGS:PLM10: Elements, wf, cICP-MS (USGS TMR 5-B1)",,,,,results.csv#row=129,,,,,,"[""U.S. Geological Survey and National Water Quality Monitoring Council. Water Quality Portal result and station services, USGS-11447650, accessed 2026-08-06.""]",observation,record_citation_ids,,resolved,,public_download,permitted_research,https://www.usgs.gov/information-policies-and-instructions/copyrights-and-credits,dataset,false,not_evaluated_for_project_output,2026-08-06T10:05:00Z
rec-04ab81f30c5d1799b8bfa2d4c3a9cdd0b40c67179d60a11e5d03ee255119bdbe,src-09be66269c47d62717bc89f20b106d2603b90fc94f6effedf763655c26ae5793,nwisca.01.02001804,As,As,1.6,ug/l,water,,dissolved_surface_freshwater_mass_per_volume,,,0.1,ug/l,38.45566389000000,-121.5016167000000,,,EPSG:4269,,15,,"USGS:PLM10: Elements, wf, cICP-MS (USGS TMR 5-B1)",,dissolved water; USGS filtered-water method,"USGS-National Water Quality Lab, Denver, CO",LicenseRef-USGS-Public-Domain,government,us-wqp-sacramento-river-arsenic,USGS Sacramento River at Freeport dissolved arsenic via Water Quality Portal,,content-snapshot-2026-08-06,results.csv,146,results.csv#row=146,916f17a851b0597c55b4dfd78ace1ad65c13d2c30935b05b2e74b18910d28fcd,2020-01-24T09:30:00,,,,,,,,Water / Surface Water / Stream,water_stream,exact,,,,,,,,,,,stream,dissolved,filtered_water_method,,,,,,,,,,,not_reported,observation,result_row_analytical_method_fields,,"USGS:PLM10: Elements, wf, cICP-MS (USGS TMR 5-B1)",,,,,results.csv#row=146,,,,,,"[""U.S. Geological Survey and National Water Quality Monitoring Council. Water Quality Portal result and station services, USGS-11447650, accessed 2026-08-06.""]",observation,record_citation_ids,,resolved,,public_download,permitted_research,https://www.usgs.gov/information-policies-and-instructions/copyrights-and-credits,dataset,false,not_evaluated_for_project_output,2026-08-06T10:05:00Z
rec-d102034e1f1e5af9790d07235a1fcf4c46181c6faa78ba7a45e8e85e73e508cd,src-4b3c2f0cc62835905c63efd8eba29e9d25042e080a85108a46025c94258a9bd8,nwisca.01.02001863,As,As,1.8,ug/l,water,,dissolved_surface_freshwater_mass_per_volume,,,0.1,ug/l,38.45566389000000,-121.5016167000000,,,EPSG:4269,,15,,"USGS:PLM10: Elements, wf, cICP-MS (USGS TMR 5-B1)",,dissolved water; USGS filtered-water method,"USGS-National Water Quality Lab, Denver, CO",LicenseRef-USGS-Public-Domain,government,us-wqp-sacramento-river-arsenic,USGS Sacramento River at Freeport dissolved arsenic via Water Quality Portal,,content-snapshot-2026-08-06,results.csv,142,results.csv#row=142,916f17a851b0597c55b4dfd78ace1ad65c13d2c30935b05b2e74b18910d28fcd,2020-02-11T08:30:00,,,,,,,,Water / Surface Water / Stream,water_stream,exact,,,,,,,,,,,stream,dissolved,filtered_water_method,,,,,,,,,,,not_reported,observation,result_row_analytical_method_fields,,"USGS:PLM10: Elements, wf, cICP-MS (USGS TMR 5-B1)",,,,,results.csv#row=142,,,,,,"[""U.S. Geological Survey and National Water Quality Monitoring Council. Water Quality Portal result and station services, USGS-11447650, accessed 2026-08-06.""]",observation,record_citation_ids,,resolved,,public_download,permitted_research,https://www.usgs.gov/information-policies-and-instructions/copyrights-and-credits,dataset,false,not_evaluated_for_project_output,2026-08-06T10:05:00Z
rec-a68df66e105772978375368ff666e061a126a314863eb365cffedf83bc4a11e0,src-fddd2b4c3ce5d93a93eb57ffd67014cc2efb14e3fc1978a9a72fd6d0377c4501,nwisca.01.02003667,As,As,1.5,ug/l,water,,dissolved_surface_freshwater_mass_per_volume,,,0.1,ug/l,38.45566389000000,-121.5016167000000,,,EPSG:4269,,15,,"USGS:PLM10: Elements, wf, cICP-MS (USGS TMR 5-B1)",,dissolved water; USGS filtered-water method,"USGS-National Water Quality Lab, Denver, CO",LicenseRef-USGS-Public-Domain,government,us-wqp-sacramento-river-arsenic,USGS Sacramento River at Freeport dissolved arsenic via Water Quality Portal,,content-snapshot-2026-08-06,results.csv,138,results.csv#row=138,916f17a851b0597c55b4dfd78ace1ad65c13d2c30935b05b2e74b18910d28fcd,2020-07-22T10:50:00,,,,,,,,Water / Surface Water / Stream,water_stream,exact,,,,,,,,,,,stream,dissolved,filtered_water_method,,,,,,,,,,,not_reported,observation,result_row_analytical_method_fields,,"USGS:PLM10: Elements, wf, cICP-MS (USGS TMR 5-B1)",,,,,results.csv#row=138,,,,,,"[""U.S. Geological Survey and National Water Quality Monitoring Council. Water Quality Portal result and station services, USGS-11447650, accessed 2026-08-06.""]",observation,record_citation_ids,,resolved,,public_download,permitted_research,https://www.usgs.gov/information-policies-and-instructions/copyrights-and-credits,dataset,false,not_evaluated_for_project_output,2026-08-06T10:05:00Z
rec-eadd91e07c7b04290d64c9de937be9580b349a64eddcad840233e3ac9710377d,src-be22eb8947b5a04110eb86b2165c431a3a2878ac23481de49fa7da8951435ee5,nwisca.01.02101655,As,As,1.9,ug/l,water,,dissolved_surface_freshwater_mass_per_volume,,,0.1,ug/l,38.45566389000000,-121.5016167000000,,,EPSG:4269,,15,,"USGS:PLM10: Elements, wf, cICP-MS (USGS TMR 5-B1)",,dissolved water; USGS filtered-water method,"USGS-National Water Quality Lab, Denver, CO",LicenseRef-USGS-Public-Domain,government,us-wqp-sacramento-river-arsenic,USGS Sacramento River at Freeport dissolved arsenic via Water Quality Portal,,content-snapshot-2026-08-06,results.csv,162,results.csv#row=162,916f17a851b0597c55b4dfd78ace1ad65c13d2c30935b05b2e74b18910d28fcd,2021-02-09T09:00:00,,,,,,,,Water / Surface Water / Stream,water_stream,exact,,,,,,,,,,,stream,dissolved,filtered_water_method,,,,,,,,,,,not_reported,observation,result_row_analytical_method_fields,,"USGS:PLM10: Elements, wf, cICP-MS (USGS TMR 5-B1)",,,,,results.csv#row=162,,,,,,"[""U.S. Geological Survey and National Water Quality Monitoring Council. Water Quality Portal result and station services, USGS-11447650, accessed 2026-08-06.""]",observation,record_citation_ids,,resolved,,public_download,permitted_research,https://www.usgs.gov/information-policies-and-instructions/copyrights-and-credits,dataset,false,not_evaluated_for_project_output,2026-08-06T10:05:00Z
rec-850b57b596e84c30ca3e32c2860377eb581e8e3669a76410ea47b0f9d4aafd12,src-011330e963f65aae8a5b0e0f18101dae22e8b16d3518d2f29fb3d42dd447a391,nwisca.01.02101932,As,As,2.3,ug/l,water,,dissolved_surface_freshwater_mass_per_volume,,,0.1,ug/l,38.45566389000000,-121.5016167000000,,,EPSG:4269,,15,,"USGS:PLM10: Elements, wf, cICP-MS (USGS TMR 5-B1)",,dissolved water; USGS filtered-water method,"USGS-National Water Quality Lab, Denver, CO",LicenseRef-USGS-Public-Domain,government,us-wqp-sacramento-river-arsenic,USGS Sacramento River at Freeport dissolved arsenic via Water Quality Portal,,content-snapshot-2026-08-06,results.csv,158,results.csv#row=158,916f17a851b0597c55b4dfd78ace1ad65c13d2c30935b05b2e74b18910d28fcd,2021-02-24T09:30:00,,,,,,,,Water / Surface Water / Stream,water_stream,exact,,,,,,,,,,,stream,dissolved,filtered_water_method,,,,,,,,,,,not_reported,observation,result_row_analytical_method_fields,,"USGS:PLM10: Elements, wf, cICP-MS (USGS TMR 5-B1)",,,,,results.csv#row=158,,,,,,"[""U.S. Geological Survey and National Water Quality Monitoring Council. Water Quality Portal result and station services, USGS-11447650, accessed 2026-08-06.""]",observation,record_citation_ids,,resolved,,public_download,permitted_research,https://www.usgs.gov/information-policies-and-instructions/copyrights-and-credits,dataset,false,not_evaluated_for_project_output,2026-08-06T10:05:00Z
rec-d7b31b1dd6ab960584a88f38c44c1a3d156c517d139ceedbfd947c4fe713c51a,src-08a9578c1117bb8521a598f707d1dffbc8c9a8bae91265fc2f3e9f121cc70a08,nwisca.01.02102030,As,As,1.9,ug/l,water,,dissolved_surface_freshwater_mass_per_volume,,,0.1,ug/l,38.45566389000000,-121.5016167000000,,,EPSG:4269,,15,,"USGS:PLM10: Elements, wf, cICP-MS (USGS TMR 5-B1)",,dissolved water; USGS filtered-water method,"USGS-National Water Quality Lab, Denver, CO",LicenseRef-USGS-Public-Domain,government,us-wqp-sacramento-river-arsenic,USGS Sacramento River at Freeport dissolved arsenic via Water Quality Portal,,content-snapshot-2026-08-06,results.csv,154,results.csv#row=154,916f17a851b0597c55b4dfd78ace1ad65c13d2c30935b05b2e74b18910d28fcd,2021-03-18T09:30:00,,,,,,,,Water / Surface Water / Stream,water_stream,exact,,,,,,,,,,,stream,dissolved,filtered_water_method,,,,,,,,,,,not_reported,observation,result_row_analytical_method_fields,,"USGS:PLM10: Elements, wf, cICP-MS (USGS TMR 5-B1)",,,,,results.csv#row=154,,,,,,"[""U.S. Geological Survey and National Water Quality Monitoring Council. Water Quality Portal result and station services, USGS-11447650, accessed 2026-08-06.""]",observation,record_citation_ids,,resolved,,public_download,permitted_research,https://www.usgs.gov/information-policies-and-instructions/copyrights-and-credits,dataset,false,not_evaluated_for_project_output,2026-08-06T10:05:00Z
rec-d982ef1cb34c6e7daa6e53a2e1a399828bce15a1c1841ac36464ddef5cb62aed,src-0d2782eea83cde318606703a328c15d7dd3975fdded68de541941e5d7d23319b,nwisca.01.02104248,As,As,1.7,ug/l,water,,dissolved_surface_freshwater_mass_per_volume,,,0.1,ug/l,38.45566389000000,-121.5016167000000,,,EPSG:4269,,15,,"USGS:PLM10: Elements, wf, cICP-MS (USGS TMR 5-B1)",,dissolved water; USGS filtered-water method,"USGS-National Water Quality Lab, Denver, CO",LicenseRef-USGS-Public-Domain,government,us-wqp-sacramento-river-arsenic,USGS Sacramento River at Freeport dissolved arsenic via Water Quality Portal,,content-snapshot-2026-08-06,results.csv,150,results.csv#row=150,916f17a851b0597c55b4dfd78ace1ad65c13d2c30935b05b2e74b18910d28fcd,2021-06-29T10:00:00,,,,,,,,Water / Surface Water / Stream,water_stream,exact,,,,,,,,,,,stream,dissolved,filtered_water_method,,,,,,,,,,,not_reported,observation,result_row_analytical_method_fields,,"USGS:PLM10: Elements, wf, cICP-MS (USGS TMR 5-B1)",,,,,results.csv#row=150,,,,,,"[""U.S. Geological Survey and National Water Quality Monitoring Council. Water Quality Portal result and station services, USGS-11447650, accessed 2026-08-06.""]",observation,record_citation_ids,,resolved,,public_download,permitted_research,https://www.usgs.gov/information-policies-and-instructions/copyrights-and-credits,dataset,false,not_evaluated_for_project_output,2026-08-06T10:05:00Z
rec-d545b2df4130e0c5e94baf02b6f0979f3caf9b96028c1dcf8730a6d472c11bc3,src-ff392e2ec0acb70c6dda7dc72e7f6b34186bbe8effa5331e044202067edd4f87,nwisca.01.02202614,As,As,1.8,ug/l,water,,dissolved_surface_freshwater_mass_per_volume,,,0.1,ug/l,38.45566389000000,-121.5016167000000,,,EPSG:4269,,15,,"USGS:PLM10: Elements, wf, cICP-MS (USGS TMR 5-B1)",,dissolved water; USGS filtered-water method,"USGS-National Water Quality Lab, Denver, CO",LicenseRef-USGS-Public-Domain,government,us-wqp-sacramento-river-arsenic,USGS Sacramento River at Freeport dissolved arsenic via Water Quality Portal,,content-snapshot-2026-08-06,results.csv,174,results.csv#row=174,916f17a851b0597c55b4dfd78ace1ad65c13d2c30935b05b2e74b18910d28fcd,2022-03-17T09:30:00,,,,,,,,Water / Surface Water / Stream,water_stream,exact,,,,,,,,,,,stream,dissolved,filtered_water_method,,,,,,,,,,,not_reported,observation,result_row_analytical_method_fields,,"USGS:PLM10: Elements, wf, cICP-MS (USGS TMR 5-B1)",,,,,results.csv#row=174,,,,,,"[""U.S. Geological Survey and National Water Quality Monitoring Council. Water Quality Portal result and station services, USGS-11447650, accessed 2026-08-06.""]",observation,record_citation_ids,,resolved,,public_download,permitted_research,https://www.usgs.gov/information-policies-and-instructions/copyrights-and-credits,dataset,false,not_evaluated_for_project_output,2026-08-06T10:05:00Z
rec-fbbf108701e4097bf9391e88368d340a053cf3ac3558897cf5bda08ceb08a4c4,src-b5937c9f1706c30a61c9f6ebf1ff0b6f6d59642565c9be75b37b8fef24e4de83,nwisca.01.02204701,As,As,1.2,ug/l,water,,dissolved_surface_freshwater_mass_per_volume,,,0.1,ug/l,38.45566389000000,-121.5016167000000,,,EPSG:4269,,15,,"USGS:PLM10: Elements, wf, cICP-MS (USGS TMR 5-B1)",,dissolved water; USGS filtered-water method,"USGS-National Water Quality Lab, Denver, CO",LicenseRef-USGS-Public-Domain,government,us-wqp-sacramento-river-arsenic,USGS Sacramento River at Freeport dissolved arsenic via Water Quality Portal,,content-snapshot-2026-08-06,results.csv,170,results.csv#row=170,916f17a851b0597c55b4dfd78ace1ad65c13d2c30935b05b2e74b18910d28fcd,2022-07-28T10:00:00,,,,,,,,Water / Surface Water / Stream,water_stream,exact,,,,,,,,,,,stream,dissolved,filtered_water_method,,,,,,,,,,,not_reported,observation,result_row_analytical_method_fields,,"USGS:PLM10: Elements, wf, cICP-MS (USGS TMR 5-B1)",,,,,results.csv#row=170,,,,,,"[""U.S. Geological Survey and National Water Quality Monitoring Council. Water Quality Portal result and station services, USGS-11447650, accessed 2026-08-06.""]",observation,record_citation_ids,,resolved,,public_download,permitted_research,https://www.usgs.gov/information-policies-and-instructions/copyrights-and-credits,dataset,false,not_evaluated_for_project_output,2026-08-06T10:05:00Z
rec-b4577223cee128ed346bf2f3fc76350fc7ba363ec89b903fd3720a5774731e82,src-72d6d5e11a56e40855383dc156651b91d0285d8d11ee44cc4be30dc3c80912fc,nwisca.01.02300443,As,As,1.8,ug/l,water,,dissolved_surface_freshwater_mass_per_volume,,,0.1,ug/l,38.45566389000000,-121.5016167000000,,,EPSG:4269,,15,,"USGS:PLM10: Elements, wf, cICP-MS (USGS TMR 5-B1)",,dissolved water; USGS filtered-water method,"USGS-National Water Quality Lab, Denver, CO",LicenseRef-USGS-Public-Domain,government,us-wqp-sacramento-river-arsenic,USGS Sacramento River at Freeport dissolved arsenic via Water Quality Portal,,content-snapshot-2026-08-06,results.csv,166,results.csv#row=166,916f17a851b0597c55b4dfd78ace1ad65c13d2c30935b05b2e74b18910d28fcd,2022-12-07T09:00:00,,,,,,,,Water / Surface Water / Stream,water_stream,exact,,,,,,,,,,,stream,dissolved,filtered_water_method,,,,,,,,,,,not_reported,observation,result_row_analytical_method_fields,,"USGS:PLM10: Elements, wf, cICP-MS (USGS TMR 5-B1)",,,,,results.csv#row=166,,,,,,"[""U.S. Geological Survey and National Water Quality Monitoring Council. Water Quality Portal result and station services, USGS-11447650, accessed 2026-08-06.""]",observation,record_citation_ids,,resolved,,public_download,permitted_research,https://www.usgs.gov/information-policies-and-instructions/copyrights-and-credits,dataset,false,not_evaluated_for_project_output,2026-08-06T10:05:00Z
rec-02a8888d2ce767047296e10f3d2488fe7e1f2ba0d46a24d10ea991050a15fc5a,src-465067d3857b3fd2917ec3957236a7d0defbe43b58abed87c5e4701c83962656,nwisca.01.02301410,As,As,1.4,ug/l,water,,dissolved_surface_freshwater_mass_per_volume,,,0.1,ug/l,38.45566389000000,-121.5016167000000,,,EPSG:4269,,15,,"USGS:PLM10: Elements, wf, cICP-MS (USGS TMR 5-B1)",,dissolved water; USGS filtered-water method,"USGS-National Water Quality Lab, Denver, CO",LicenseRef-USGS-Public-Domain,government,us-wqp-sacramento-river-arsenic,USGS Sacramento River at Freeport dissolved arsenic via Water Quality Portal,,content-snapshot-2026-08-06,results.csv,178,results.csv#row=178,916f17a851b0597c55b4dfd78ace1ad65c13d2c30935b05b2e74b18910d28fcd,2023-01-31T09:30:00,,,,,,,,Water / Surface Water / Stream,water_stream,exact,,,,,,,,,,,stream,dissolved,filtered_water_method,,,,,,,,,,,not_reported,observation,result_row_analytical_method_fields,,"USGS:PLM10: Elements, wf, cICP-MS (USGS TMR 5-B1)",,,,,results.csv#row=178,,,,,,"[""U.S. Geological Survey and National Water Quality Monitoring Council. Water Quality Portal result and station services, USGS-11447650, accessed 2026-08-06.""]",observation,record_citation_ids,,resolved,,public_download,permitted_research,https://www.usgs.gov/information-policies-and-instructions/copyrights-and-credits,dataset,false,not_evaluated_for_project_output,2026-08-06T10:05:00Z
