site,v_t,lat_t,lon_t,v_s,lat_s,lon_s,log2_ratio
35.04_25.28,0.02664,35.043132637,25.28311772,0.03445,35.043132637,25.28311772,-0.3709099005203916
35.19_26.1,0.02306,35.186187279,26.099125756,0.02821,35.186187279,26.099125756,-0.2908141529337996
35.27_25.2,0.0133,35.269707429,25.195870096,0.00824,35.269707429,25.195870096,0.6907100032053335
35.4_24.67,0.04388,35.40422557,24.67156107,0.05454,35.40422557,24.67156107,-0.31375117451207035
35.5_23.83,0.03718,35.49645002,23.826111943,0.0147,35.49645002,23.826111943,1.3387106151957546
36.52_-5.81,0.01588,36.52403622,-5.81055467,0.0335,36.52403622,-5.81055467,-1.0769501830895396
37.06_-5.45,0.03156,37.05571976,-5.44898543,0.021,37.05571976,-5.44898543,0.5877078774599733
37.11_22.44,0.01456,37.105884152,22.439370426,0.01067,37.105884152,22.439370426,0.44845017937427134
37.22_21.95,0.03088,37.222702454,21.954481951,0.04287,37.222702454,21.954481951,-0.47329566454889205
37.29_-2.52,0.1308,37.28825683,-2.52228757,0.1861,37.28825683,-2.52228757,-0.5087155145610688
37.29_-6.57,0.01368,37.28592841,-6.56961085,0.01016,37.28592841,-6.56961085,0.42916782811373183
37.31_14.7,0.00938,37.31,14.7,0.02434,37.31,14.7,-1.375669340198352
37.42_-3.51,0.03396,37.42023846,-3.51100563,0.01068,37.42023846,-3.51100563,1.6689248118654842
37.48_13.75,0.01717,37.48,13.75,0.0139,37.48,13.75,0.3048051563912646
37.4_21.79,0.05255,37.404442745,21.787212305,0.02356,37.404442745,21.787212305,1.1573512250190798
37.64_-8.62,0.07991,37.637946411139,-8.6201987961374,0.01739,37.637946411139,-8.6201987961374,2.2001181217937495
37.64_22.7,0.03578,37.6402995,22.702987872,0.02872,37.6402995,22.702987872,0.3170976382288569
37.68_23.99,0.04223,37.680778554,23.994656255,0.03116,37.680778554,23.994656255,0.43857301373963276
37.69_-3.55,0.1181,37.6858238,-3.5489207,0.1399,37.6858238,-3.5489207,-0.24438699776759604
37.78_13.54,0.02081,37.78,13.54,0.0225,37.78,13.54,-0.11264803636906474
37.7_21.56,0.02096,37.702206574,21.564028669,0.01597,37.702206574,21.564028669,0.39227440412621756
37.82_22.63,0.01576,37.823257899,22.631394131,0.01714,37.823257899,22.631394131,-0.12109957465612343
37.86_21.16,0.03503,37.859108608,21.162684186,0.03354,37.859108608,21.162684186,0.0627082992377166
37.93_15.13,0.05719,37.93,15.13,0.03543,37.93,15.13,0.690791440084974
37.95_-8.32,0.03572,37.949186176789,-8.3156438951523,0.01511,37.949186176789,-8.3156438951523,1.2412284199563939
38.12_23.54,0.1055,38.124295887,23.536550152,0.2155,38.124295887,23.536550152,-1.0304448703819131
38.17_20.62,0.04191,38.173588941,20.622799535,0.08308,38.173588941,20.622799535,-0.9872066947140282
38.1_22.04,0.03642,38.099227631,22.035249026,0.02869,38.099227631,22.035249026,0.34418295420817396
38.28_23.71,0.06856,38.284552109,23.709330984,0.07271,38.284552109,23.709330984,-0.08478668603248912
38.32_15.91,0.066,38.32,15.91,0.04952,38.32,15.91,0.41445470991891353
38.34_-7.56,0.05221,38.342501997455,-7.5559947640201,0.05364,38.342501997455,-7.5559947640201,-0.03898307855654607
38.49_-8.29,0.01878,38.490199091989,-8.2877826742004,0.01707,38.490199091989,-8.2877826742004,0.13773400462603677
38.53_-2.42,0.02925,38.52920449,-2.42319846,0.00661,38.52920449,-2.42319846,2.1457144478504375
38.54_24.1,0.02414,38.53766163,24.100671376,0.01389,38.53766163,24.100671376,0.7973790767736291
38.56_21.74,0.07049,38.555091416,21.744915498,0.1075,38.555091416,21.744915498,-0.6088461492997961
38.66_22.45,0.03006,38.655347494,22.452517933,0.01804,38.655347494,22.452517933,0.7366456706609836
38.68_-0.64,0.0192,38.6768494,-0.63963089,0.00867,38.6768494,-0.63963089,1.1470024123866833
38.69_-2.86,0.0175,38.69341017,-2.86013266,0.0088,38.69341017,-2.86013266,0.9917794931950317
38.72_-5.73,0.01843,38.71946662,-5.72624521,0.01368,38.71946662,-5.72624521,0.42998784074481516
38.72_21.27,0.01675,38.72096456,21.271391616,0.02581,38.72096456,21.271391616,-0.6237690458614726
38.79_-4.56,1.038,38.78839652,-4.56003121,0.9297,38.78839652,-4.56003121,0.15896928293787127
38.87_-7.98,0.01733,38.87169023098,-7.978080458668,0.0097,38.87169023098,-7.978080458668,0.8372150020856797
38.8_23.47,0.03672,38.796795019,23.466819596,0.06297,38.796795019,23.466819596,-0.7780986085995023
38.93_22.42,0.04181,38.929453104,22.418431087,0.02011,38.929453104,22.418431087,1.0559349617387856
38.94_16.49,0.2559,38.94,16.49,0.04069,38.94,16.49,2.6528339618530987
38.9_-0.43,0.1393,38.89977296,-0.42671883,0.01498,38.89977296,-0.42671883,3.217085729029864
39.03_-7.74,0.02718,39.028311093877,-7.7387004726123,0.01148,39.028311093877,-7.7387004726123,1.2434228140917034
39.11_-8.56,0.01291,39.106544961449,-8.5619619377741,0.00582,39.106544961449,-8.5619619377741,1.149397942398907
39.13_-6.17,0.04136,39.13469566,-6.16700188,0.06273,39.13469566,-6.16700188,-0.6009193769958006
39.16_21.42,0.02386,39.162434045,21.424461611,0.02415,39.162434045,21.424461611,-0.017429146027907665
39.32_-6.75,0.06065,39.32323245,-6.752268489,0.03984,39.32323245,-6.752268489,0.6062899979397915
39.34_21.78,0.02054,39.344985969,21.776307112,0.01667,39.344985969,21.776307112,0.3011820773317782
39.37_21.05,0.0238,39.365572301,21.053812238,0.03739,39.365572301,21.053812238,-0.651690897662863
39.41_-4.48,0.1589,39.40954107,-4.48398081,0.04049,39.40954107,-4.48398081,1.9724815765594241
39.44_-5.32,0.04328,39.437077,-5.32434,0.02536,39.437077,-5.32434,0.7711457536874079
39.47_16.71,0.04671,39.47,16.71,0.04714,39.47,16.71,-0.01322031344997423
39.69_22.73,0.03978,39.692520426,22.72606553,0.04904,39.692520426,22.72606553,-0.3019157028570375
39.74_-2.78,0.01874,39.73848663,-2.7831677,0.0047,39.73848663,-2.7831677,1.995388291094187
39.7_20.53,0.04094,39.699105892,20.531149923,0.0302,39.699105892,20.531149923,0.43896255281096913
39.89_-8.62,0.03328,39.885398134776,-8.6188100165894,0.01245,39.885398134776,-8.6188100165894,1.4185096911856487
39.91_22.58,0.01364,39.912040073,22.578747735,0.02369,39.912040073,22.578747735,-0.7964345542160588
39.96_21.61,0.0186,39.958241602,21.614969426,0.00931,39.958241602,21.614969426,0.9984495484365997
40.06_20.76,0.03592,40.057093152,20.762943763,0.03883,40.057093152,20.762943763,-0.11238435716733078
40.12_-7.58,0.05367,40.116999775267,-7.5782535466696,0.03451,40.116999775267,-7.5782535466696,0.6371014143375489
40.16_-1.73,0.03239,40.15936139,-1.72554755,0.0283,40.15936139,-1.72554755,0.194746415075942
40.17_22.39,0.03476,40.167508916,22.387246252,0.07566,40.167508916,22.387246252,-1.1221026942349759
40.24_-2.19,0.01492,40.24431278,-2.19056217,0.00908,40.24431278,-2.19056217,0.7164833329643228
40.26_-5.1,0.02036,40.25986007,-5.09895616,0.0267,40.25986007,-5.09895616,-0.3911021804992211
40.27_15.61,0.04263,40.27,15.61,0.07126,40.27,15.61,-0.7412234281693628
40.27_22.11,0.01442,40.26617689,22.107202914,0.01181,40.26617689,22.107202914,0.2880621998436654
40.42_-4.78,0.1512,40.42118674,-4.78290665,0.03088,40.42118674,-4.78290665,2.2917134818403544
40.44_-0.91,0.01578,40.43837479,-0.91015392,0.03218,40.43837479,-0.91015392,-1.0280671207099878
40.45_-2.97,0.02435,40.45040899,-2.96741748,0.01452,40.45040899,-2.96741748,0.7458803189739538
40.58_-4.8,0.01817,40.57506912,-4.80452905,0.01364,40.57506912,-4.80452905,0.41371477520994326
40.58_17.17,0.07317,40.58,17.17,0.02702,40.58,17.17,1.4372245841916556
40.59_17.81,0.01486,40.59,17.81,0.01627,40.59,17.81,-0.13078013513393155
40.5_-7.96,0.04202,40.498676339659,-7.9602718692323,0.01994,40.498676339659,-7.9602718692323,1.0754107522748502
40.61_-4.01,0.01299,40.6053575,-4.01252075,0.01427,40.6053575,-4.01252075,-0.1355839040278823
40.67_-6.39,0.01619,40.665337764648,-6.3945321531382,0.01817,40.665337764648,-6.3945321531382,-0.16645543393154974
40.71_-4.44,0.05729,40.71399024,-4.44117611,0.04238,40.71399024,-4.44117611,0.4348997500600281
40.71_16.15,0.4529,40.71,16.15,0.02817,40.71,16.15,4.006961070562544
40.71_16.36,0.02657,40.71,16.36,0.0248,40.71,16.36,0.09945810721626895
40.78_-7.05,0.01521,40.781904115732,-7.051548387354,0.01016,40.781904115732,-7.051548387354,0.5821197509523306
40.78_19.72,0.03421,40.78,19.721,0.03519,40.78,19.721,-0.040747409981764966
40.7_15.52,0.02246,40.7,15.52,0.02394,40.7,15.52,-0.09206522454290078
40.91_-7.64,0.05137,40.905678896458,-7.6411572805353,0.03244,40.905678896458,-7.6411572805353,0.6631522541296861
40.95_21.9,0.04366,40.947314044,21.903083025,0.05494,40.947314044,21.903083025,-0.33154478008506527
40.95_22.45,0.04255,40.953740412,22.453820541,0.0153,40.953740412,22.453820541,1.4756274789933108
41.03_24.7,0.01799,41.033062163,24.703289592,0.01601,41.033062163,24.703289592,0.1682218787352252
41.08_23.05,0.00794,41.075071736,23.051123014,0.00814,41.075071736,23.051123014,-0.03588978712328939
41.11_-4.08,0.00971,41.10622302,-4.07966014,0.00526,41.10622302,-4.07966014,0.8844084961268899
41.11_23.63,0.00688,41.106877365,23.628861263,0.00536,41.106877365,23.628861263,0.36017556424432545
41.12_-1.23,0.07086,41.11601352,-1.22998086,0.06409,41.11601352,-1.22998086,0.14487219559931014
41.12_14.4,0.334,41.12,14.4,0.02568,41.12,14.4,3.7011309951264737
41.15_-2.59,0.04037,41.1496,-2.587528,0.04404,41.1496,-2.587528,-0.12553088208385899
41.15_25.57,0.01549,41.152117278,25.573671496,0.01188,41.152117278,25.573671496,0.38280230798880266
41.22_-8.32,0.046,41.22082573532,-8.3155507874755,0.00785,41.22082573532,-8.3155507874755,2.550869302052748
41.23_13.86,0.06083,41.23,13.86,0.04266,41.23,13.86,0.5118990385314329
41.26_25.02,0.01227,41.258425473,25.02469946,0.00641,41.258425473,25.02469946,0.9367389870441639
41.28_-3.18,0.02087,41.284318,-3.1826966,0.03825,41.284318,-3.1826966,-0.8740291473075414
41.37_-2.79,0.044,41.36863089,-2.78739356,0.00273,41.36863089,-2.78739356,4.010530667492169
41.37_26.32,0.02468,41.374241081,26.319878791,0.06019,41.374241081,26.319878791,-1.2861814222519106
41.38_15.76,0.02768,41.38,15.76,0.0304,41.38,15.76,-0.1352273806942233
41.49_14.97,0.02923,41.49,14.97,0.03272,41.49,14.97,-0.16272291913569623
41.4_-3.35,0.01925,41.39616255,-3.34742895,0.01824,41.39616255,-3.34742895,0.07775271630488441
41.56_14.18,1.354,41.56,14.18,0.03769,41.56,14.18,5.166902133685365
41.57_-6.69,0.07357,41.569771845804,-6.6854606099778,0.06529,41.569771845804,-6.6854606099778,0.17225554989515662
41.57_-8.23,0.04978,41.573425810396,-8.2314198153304,0.01545,41.573425810396,-8.2314198153304,1.6879593921892988
41.63_-7.14,0.07476,41.634459022403,-7.1394370202707,0.03784,41.634459022403,-7.1394370202707,0.9823544804057627
41.6_-7.85,0.04201,41.600138074659,-7.8518335854601,0.05027,41.600138074659,-7.8518335854601,-0.2589649032088497
41.72_-6.25,0.05305,41.718383319613,-6.2484436419668,0.05406,41.718383319613,-6.2484436419668,-0.027208760732567568
41.78_-3.36,0.02263,41.78176452,-3.35846715,0.02306,41.78176452,-3.35846715,-0.027155928384879346
41.78_13.86,0.03528,41.78,13.86,0.03506,41.78,13.86,0.009024564797982285
41.7_-0.34,0.01548,41.70122866,-0.33827835,0.00886,41.70122866,-0.33827835,0.8050268675893921
41.7_13.66,0.02553,41.7,13.66,0.02151,41.7,13.66,0.24718601298405785
41.88_9.0,0.02713,41.88,9.0,0.00674,41.88,9.0,2.0090685511000075
41.9_-2.45,0.03696,41.89985313,-2.45078604,0.04748,41.89985313,-2.45078604,-0.3613551782258493
42.12_12.8,0.3571,42.12019,12.798694,0.1008,42.12019,12.798694,1.824832495086149
42.17_8.92,0.02871,42.17,8.92,0.02516,42.17,8.92,0.19042140832789273
42.23_9.24,0.02326,42.23,9.24,0.02059,42.23,9.24,0.17590726684096422
42.25_-4.69,0.03541,42.24980453,-4.69410431,0.03914,42.24980453,-4.69410431,-0.14448691223588783
42.32_-7.67,0.05285,42.31520193,-7.67282891,0.02558,42.31520193,-7.67282891,1.0468872073884086
42.41_2.57,0.02932,42.41,2.57,0.01213,42.41,2.57,1.2733055530133015
42.43_9.22,0.02489,42.43,9.22,0.02496,42.43,9.22,-0.004051703881212634
42.44_-4.06,0.01834,42.43625212,-4.05733794,0.01197,42.43625212,-4.05733794,0.6155704866515525
42.44_11.73,0.1894,42.436627,11.731718,0.04326,42.436627,11.731718,2.1303307603937687
42.44_11.85,0.421,42.437738,11.852012,0.04679,42.437738,11.852012,3.16954809948081
42.83_-7.93,0.02163,42.83344375,-7.9345091,0.03711,42.83344375,-7.9345091,-0.778774335735547
42.8_-0.42,0.1434,42.80461771,-0.41606107,0.2579,42.80461771,-0.41606107,-0.8467667490873094
42.96_1.59,0.02792,42.96,1.59,0.01642,42.96,1.59,0.7658448144318473
42.97_-6.07,0.4433,42.96765437,-6.06997827,0.901,42.96765437,-6.06997827,-1.0232437435356363
43.06_0.52,0.03306,43.06,0.52,0.02716,43.06,0.52,0.2836032450475819
43.07_-8.47,0.04837,43.06778442,-8.46894298,0.04169,43.06778442,-8.46894298,0.21441116563747376
43.08_-4.09,0.1103,43.07979114,-4.08700886,0.1503,43.07979114,-4.08700886,-0.44641221832498185
43.13_-6.57,0.0301,43.12639379,-6.56700552,0.01942,43.12639379,-6.56700552,0.6322202862278721
43.14_11.8,0.117,43.144529,11.803003,0.06886,43.144529,11.803003,0.7647704437882136
43.17_-0.27,0.04294,43.17,-0.27,0.02434,43.17,-0.27,0.8189930231450449
43.17_-1.23,0.03757,43.17,-1.23,0.02887,43.17,-1.23,0.38001000840578897
43.27_2.17,0.02045,43.27,2.17,0.02375,43.27,2.17,-0.2158266702765615
43.3_-7.83,0.03821,43.29780093,-7.82762928,0.03053,43.29780093,-7.82762928,0.323722668150731
43.42_13.14,0.1045,43.424799,13.141043,0.02948,43.424799,13.141043,1.8256945127605377
43.49_0.97,0.01153,43.49,0.97,0.00943,43.49,0.97,0.29006283697667545
43.49_6.23,0.03156,43.49,6.23,0.02841,43.49,6.23,0.15169837382391732
43.58_-0.24,0.03919,43.58,-0.24,0.0429,43.58,-0.24,-0.13049207478469824
43.73_16.63,0.0424,43.7313,16.6267,0.01733,43.7313,16.6267,1.2907926102903917
43.79_0.26,0.05344,43.79,0.26,0.04382,43.79,0.26,0.2863305234838298
43.81_0.84,0.1284,43.81,0.84,0.1395,43.81,0.84,-0.11961991959424699
43.82_-0.15,0.02569,43.82,-0.15,0.05049,43.82,-0.15,-0.9747907871502883
43.82_16.05,0.04523,43.8188,16.0533,0.0655,43.8188,16.0533,-0.5342149106807639
43.85_3.67,0.02479,43.85,3.67,0.01592,43.85,3.67,0.6389179355430732
43.87_5.23,0.0141,43.87,5.23,0.00832,43.87,5.23,0.7610397291450638
43.89_10.36,0.07901,43.891476,10.357513,0.1418,43.891476,10.357513,-0.843750366106851
43.89_11.27,0.1199,43.892853,11.274029,0.1041,43.892853,11.274029,0.20386159011480662
43.95_6.99,0.02917,43.95,6.99,0.02271,43.95,6.99,0.36115768019128996
44.04_8.16,0.07132,44.04,8.16,0.03806,44.04,8.16,0.9060311413509732
44.15_4.05,0.1767,44.15,4.05,0.1439,44.15,4.05,0.2962354478113189
44.17_10.85,0.03396,44.168386,10.845875,0.03958,44.168386,10.845875,-0.22093515349447362
44.17_6.4,0.04885,44.17,6.4,0.03706,44.17,6.4,0.39849568082848175
44.18_10.13,0.06825,44.17581,10.127498,0.06948,44.17581,10.127498,-0.025768708015815454
44.25_9.54,0.03909,44.25,9.54,0.04813,44.25,9.54,-0.3001368386755816
44.26_-0.09,0.01022,44.26,-0.09,0.1313,44.26,-0.09,-3.6833998148426277
44.27_6.92,0.04539,44.27,6.92,0.01317,44.27,6.92,1.785119142681379
44.31_2.81,0.04958,44.31,2.81,0.05384,44.31,2.81,-0.11892013852359494
44.32_3.6,0.02678,44.32,3.6,0.0138,44.32,3.6,0.9564876936587792
44.38_5.24,0.03724,44.38,5.24,0.03486,44.38,5.24,0.09528050343310861
44.43_-0.78,0.00617,44.43,-0.78,0.00566,44.43,-0.78,0.12446843631753554
44.53_15.48,0.06829,44.5331,15.4786,0.1098,44.5331,15.4786,-0.6851318153221022
44.5_4.24,0.04838,44.5,4.24,0.04417,44.5,4.24,0.13134393693977178
44.62_10.11,0.04782,44.617018,10.11314,0.03307,44.617018,10.11314,0.5320910845205131
44.67_0.62,0.01498,44.67,0.62,0.01229,44.67,0.62,0.28555270808608946
44.67_6.65,0.03026,44.67,6.65,0.02695,44.67,6.65,0.1671267145768692
44.68_1.37,0.01743,44.68,1.37,0.03385,44.68,1.37,-0.9575832643366738
44.69_5.26,0.02358,44.69,5.26,0.0137,44.69,5.26,0.7833878251318735
44.71_3.38,0.05228,44.71,3.38,0.05606,44.71,3.38,-0.1007126032370606
44.76_8.68,0.05497,44.76,8.68,0.02146,44.76,8.68,1.3569944032812395
44.82_3.75,0.01222,44.82,3.75,0.01056,44.82,3.75,0.21063445046027612
44.83_8.82,0.05211,44.83,8.82,0.04264,44.83,8.82,0.2893528166723731
44.94_4.4,0.05117,44.94,4.4,0.02421,44.94,4.4,1.079695154011105
44.95_3.94,0.02072,44.95,3.94,0.03183,44.95,3.94,-0.6193631539493671
44.96_2.03,0.1246,44.958333333333,2.0305555555556,0.126,44.958333333333,2.0305555555556,-0.0161196653632769
45.03_0.1,0.03383,45.03,0.1,0.01214,45.03,0.1,1.4785347555383062
45.12_2.44,0.04658,45.12,2.44,0.03361,45.12,2.44,0.4708200969028645
45.17_1.64,0.02552,45.17,1.64,0.01769,45.17,1.64,0.5286942810744111
45.22_19.29,0.02751,45.2231,19.2919,0.0207,45.2231,19.2919,0.41032537192952295
45.31_18.48,0.03613,45.3136,18.4814,0.0395,45.3136,18.4814,-0.12865539851938415
45.33_2.75,0.03021,45.33,2.75,0.03072,45.33,2.75,-0.024152031993215327
45.34_17.82,0.04224,45.3425,17.8167,0.04973,45.3425,17.8167,-0.23550659644430838
45.37_-0.36,0.01039,45.37,-0.36,0.01809,45.37,-0.36,-0.799996753717029
45.37_6.44,0.0892,45.37,6.44,0.08129,45.37,6.44,0.13396582202421897
45.41_3.71,0.0353,45.41,3.71,0.03094,45.41,3.71,0.19019498670950688
45.46_14.83,0.1623,45.462813888889,14.833333333333,0.1921,45.462813888889,14.833333333333,-0.24319451911755552
45.55_11.33,0.05574,45.55,11.33,0.03949,45.55,11.33,0.4972256346434606
45.55_5.3,0.02624,45.55,5.3,0.03262,45.55,5.3,-0.31398906209380073
45.56_14.26,0.0541,45.564325,14.258566666667,0.04902,45.564325,14.258566666667,0.14225810984733794
45.58_7.96,0.05891,45.58,7.96,0.0325,45.58,7.96,0.8580728348594453
45.63_15.29,0.07488,45.633627777778,15.285505555556,0.05454,45.633627777778,15.285505555556,0.45726573466814147
45.65_12.03,0.07923,45.65,12.03,0.02752,45.65,12.03,1.5255663321861512
45.66_-0.73,0.02439,45.66,-0.73,0.01947,45.66,-0.73,0.32503687407588916
45.66_0.6,0.02706,45.66,0.6,0.02225,45.66,0.6,0.2823565032354147
45.67_16.82,0.03718,45.6728,16.8239,0.02996,45.6728,16.8239,0.3114891464607305
45.77_14.7,0.125,45.765288888889,14.701725,0.1067,45.765288888889,14.701725,0.22836791872502432
45.7_10.25,0.1333,45.7,10.25,0.2786,45.7,10.25,-1.06351847751228
45.81_9.81,0.08602,45.81,9.81,0.05949,45.81,9.81,0.5320249529946455
45.82_2.62,0.03789,45.82,2.62,0.04766,45.82,2.62,-0.33096181168156247
45.85_14.89,0.07674,45.851836111111,14.886036111111,0.09103,45.851836111111,14.886036111111,-0.24636331573972653
45.89_9.26,0.09725,45.89,9.26,0.07818,45.89,9.26,0.3148986654716259
45.8_18.61,0.02586,45.8039,18.6128,0.02358,45.8039,18.6128,0.1331585568304918
45.92_6.64,0.04435,45.92,6.64,0.03039,45.92,6.64,0.545337429666132
45.93_-0.48,0.07222,45.93,-0.48,0.01503,45.93,-0.48,2.2645534110322756
45.95_16.35,0.03907,45.9503,16.348,0.0285,45.9503,16.348,0.45509933624420673
46.05_17.95,0.0309,46.0525,17.948,0.0222,46.0525,17.948,0.47704716155426863
46.08_18.1,0.03785,46.0752,18.1014,0.04892,46.0752,18.1014,-0.3701311036542926
46.11_1.43,0.0308,46.11,1.43,0.02134,46.11,1.43,0.5293701747578388
46.17_10.66,0.1424,46.17,10.66,0.08937,46.17,10.66,0.6720866168830739
46.21_11.42,0.1116,46.21,11.42,0.07661,46.21,11.42,0.5427324008078351
46.22_5.16,0.03837,46.22,5.16,0.04984,46.22,5.16,-0.3773253034212088
46.23_3.65,0.0251,46.23,3.65,0.02849,46.23,3.65,-0.18276825748571685
46.24_8.19,0.07804,46.24,8.19,0.0477,46.24,8.19,0.7102245117161525
46.28_5.51,0.02493,46.28,5.51,0.02344,46.28,5.51,0.08891031306925277
46.31_9.77,0.03739,46.31,9.77,0.04608,46.31,9.77,-0.30148824558414367
46.32_4.56,0.04114,46.32,4.56,0.02765,46.32,4.56,0.5732623134028645
46.36_0.25,0.06547,46.36,0.25,0.1035,46.36,0.25,-0.6607248836855313
46.37_12.23,0.05568,46.37,12.23,0.02909,46.37,12.23,0.9366359147484218
46.38_-0.34,0.02926,46.38,-0.34,0.02312,46.38,-0.34,0.33978837163780795
46.3_12.51,0.1396,46.3,12.51,0.10005,46.3,12.51,0.480577774303911
46.3_17.39,0.03866,46.301,17.3914,0.02474,46.301,17.3914,0.6439961372348659
46.45_13.32,0.08758,46.45,13.32,0.06534,46.45,13.32,0.4226349950145882
46.49_2.83,0.02885,46.49,2.83,0.01956,46.49,2.83,0.560664948580611
46.4_16.32,0.04291,46.4005,16.3158,0.03968,46.4005,16.3158,0.11290187536151028
46.54_-1.2,0.04546,46.54,-1.2,0.02996,46.54,-1.2,0.6015600603590967
46.57_9.94,0.02315,46.5722,9.9375,0.02773,46.5722,9.9375,-0.26043542289187993
46.58_-1.74,0.02625,46.58,-1.74,0.02302,46.58,-1.74,0.18942958930861684
46.58_6.19,0.09853,46.58,6.19,0.07472,46.58,6.19,0.3990686021262318
46.59_13.37,0.1992,46.58694,13.37222,0.1779,46.58694,13.37222,0.16315113680092097
46.59_5.32,0.0386,46.59,5.32,0.08801,46.59,5.32,-1.1890666095606461
46.59_8.49,0.08644,46.5902,8.493,0.06637,46.5902,8.493,0.3811677979666866
46.63_21.32,0.06551,46.628068361111,21.315409805556,0.0281,46.628068361111,21.315409805556,1.2211450181768184
46.65_1.79,0.0317,46.65,1.79,0.02417,46.65,1.79,0.391265367261187
46.67_6.7,0.06337,46.666,6.7,0.04848,46.666,6.7,0.3864103167208987
46.6_17.91,0.0342,46.597556444444,17.90780575,0.01664,46.597556444444,17.90780575,1.0393408916321683
46.72_16.72,0.07418,46.718640527778,16.721189638889,0.04476,46.718640527778,16.721189638889,0.7288202315266157
46.78_-0.17,0.04101,46.78,-0.17,0.01293,46.78,-0.17,1.6652534685169615
46.7_15.31,0.06426,46.70389,15.30889,0.04539,46.70389,15.30889,0.5015464925335187
46.7_4.15,0.0221,46.7,4.15,0.02696,46.7,4.15,-0.28677412690306453
46.83_16.5,0.07179,46.833307138889,16.498268361111,0.03317,46.833307138889,16.498268361111,1.1139038854716332
46.83_19.65,0.0146,46.828929722222,19.647747916667,0.00882,46.828929722222,19.647747916667,0.727117808209859
46.86_9.91,0.0265,46.8638,9.9097,0.01834,46.8638,9.9097,0.5309987207428695
46.87_21.59,0.03331,46.869596555556,21.591981,0.02275,46.869596555556,21.591981,0.5500888087009302
46.87_3.54,0.07151,46.87,3.54,0.1067,46.87,3.54,-0.5773432677373402
46.92_12.61,0.03607,46.9194,12.60833,0.01436,46.9194,12.60833,1.328743673964519
46.98_14.39,0.03304,46.98083,14.38778,0.03231,46.98083,14.38778,0.03223293615408187
47.09_19.48,0.01243,47.08933525,19.482783583333,0.0114,47.08933525,19.482783583333,0.12479247200038088
47.0_5.0,0.03832,47.0,5.0,0.03727,47.0,5.0,0.0400827420073305
47.0_6.0,0.03979,47.0,6.0,0.04345,47.0,6.0,-0.12695027800802508
47.11_15.67,0.07332,47.10861,15.67306,0.02534,47.10861,15.67306,1.5327902613990763
47.11_17.82,0.06942,47.109632138889,17.815036388889,0.04114,47.109632138889,17.815036388889,0.754809571303712
47.12_10.24,0.04476,47.12139,10.24417,0.02729,47.12139,10.24417,0.7138376417022536
47.14_-1.27,0.02906,47.14,-1.27,0.01572,47.14,-1.27,0.8864334853742346
47.14_1.23,0.05037,47.14,1.23,0.04263,47.14,1.23,0.24069567569424957
47.14_7.02,0.07577,47.14,7.02,0.0376,47.14,7.02,1.0108940859881848
47.22_11.89,0.3661,47.22333,11.89278,0.1754,47.22333,11.89278,1.0615890258598124
47.31_17.68,0.0369,47.314498444444,17.684429305556,0.04195,47.314498444444,17.684429305556,-0.18504999437942724
47.34_7.44,0.05693,47.343,7.443,0.05595,47.343,7.443,0.025050968527389993
47.36_16.75,0.08231,47.360649777778,16.751937027778,0.01576,47.360649777778,16.751937027778,2.3848001822923983
47.36_2.44,0.05625,47.36,2.44,0.02947,47.36,2.44,0.9326060358677616
47.43_12.79,0.112,47.4275,12.78722,0.06649,47.4275,12.78722,0.7522894494925164
47.44_15.9,0.05044,47.4425,15.89722,0.03505,47.4425,15.89722,0.5251538314302343
47.47_4.01,0.03365,47.47,4.01,0.03563,47.47,4.01,-0.08248597863562009
47.51_4.33,0.0595,47.51,4.33,0.03087,47.51,4.33,0.9466841854675434
47.55_21.91,0.01116,47.548749805556,21.906311611111,0.00827,47.548749805556,21.906311611111,0.43237779265791304
47.63_-1.61,0.02999,47.63,-1.61,0.01692,47.63,-1.61,0.8257519537487903
47.6_-2.3,0.04414,47.6,-2.3,0.03403,47.6,-2.3,0.3752794783146057
47.71_18.76,0.03963,47.714294444444,18.760535305556,0.01436,47.714294444444,18.760535305556,1.4645372181449323
47.72_11.56,0.2701,47.725,11.55722,0.1516,47.725,11.55722,0.8332238863378754
47.73_-2.99,0.05845,47.73,-2.99,0.0413,47.73,-2.99,0.501061243112211
47.81_9.76,0.1272,47.8138,9.7638,0.08319,47.8138,9.7638,0.612616648411083
47.82_3.1,0.05529,47.82,3.1,0.03296,47.82,3.1,0.7463023291686509
47.83_1.11,0.04993,47.83,1.11,0.03048,47.83,1.11,0.7120440038367707
47.83_5.66,0.0411,47.83,5.66,0.02843,47.83,5.66,0.5317242948915177
47.84_7.94,0.1153,47.84,7.94,0.06973,47.84,7.94,0.7255411262523359
47.86_0.76,0.04127,47.86,0.76,0.03339,47.86,0.76,0.30567734494391885
47.89_8.43,0.1367,47.8916,8.425,0.02071,47.8916,8.425,2.7226137842729106
47.91_19.59,0.04755,47.911506083333,19.5870585,0.03215,47.911506083333,19.5870585,0.5646266035326162
47.95_-2.46,0.03928,47.95,-2.46,0.0422,47.95,-2.46,-0.10344806927985431
47.98_20.52,0.05967,47.978168944444,20.524061555556,0.05984,47.978168944444,20.524061555556,-0.004104398332736507
48.02_14.73,0.04906,48.02139,14.72667,0.02738,48.02139,14.72667,0.8414247872997024
48.03_-3.44,0.04075,48.03,-3.44,0.02344,48.03,-3.44,0.7978274895835545
48.11_10.07,0.1095,48.1075,10.0705,0.05976,48.1075,10.0705,0.8736788165866609
48.11_4.4,0.02919,48.11,4.4,0.00782,48.11,4.4,1.9002336981949153
48.16_18.3,0.07223,48.15914,18.304191,0.02719,48.15914,18.304191,1.4095220190163955
48.16_2.34,0.03725,48.16,2.34,0.0364,48.16,2.34,0.033301975150827536
48.18_8.76,0.1536,48.177,8.758,0.06267,48.177,8.758,1.293331317820254
48.19_-3.88,0.06142,48.19,-3.88,0.05242,48.19,-3.88,0.228591158647457
48.19_11.9,0.1348,48.192,11.899,0.07705,48.192,11.899,0.8069536346670733
48.1_-1.86,0.03242,48.1,-1.86,0.03742,48.1,-1.86,-0.20692546772324277
48.22_0.64,0.0359,48.22,0.64,0.06406,48.22,0.64,-0.83543995406427
48.23_18.92,0.08603,48.231582,18.917466,0.04191,48.231582,18.917466,1.0375453162996464
48.29_20.06,0.02961,48.292364,20.056784,0.02055,48.292364,20.056784,0.5269460966085089
48.37_-2.25,0.03248,48.37,-2.25,0.02531,48.37,-2.25,0.3598441250744922
48.37_12.77,0.1013,48.368,12.771,0.02864,48.368,12.771,1.8225307764242442
48.39_5.63,0.04755,48.39,5.63,0.01217,48.39,5.63,1.9661161730341974
48.41_4.95,0.02504,48.41,4.95,0.02132,48.41,4.95,0.23202712417344254
48.42_18.01,0.121,48.418132,18.005185,0.03311,48.418132,18.005185,1.8696681316523198
48.45_-1.46,0.06257,48.45,-1.46,0.04128,48.45,-1.46,0.6000281332760844
48.47_10.6,0.08414,48.469,10.599,0.05734,48.469,10.599,0.553249913528266
48.47_6.37,0.03706,48.47,6.37,0.00967,48.47,6.37,1.9382750865504246
48.47_7.21,0.1239,48.47,7.21,0.09022,48.47,7.21,0.4576569963086109
48.49_22.04,0.06488,48.487406,22.042488,0.05802,48.487406,22.042488,0.16122352401927545
48.53_1.68,0.1145,48.53,1.68,0.05145,48.53,1.68,1.1541046160903379
48.57_-0.7,0.03543,48.57,-0.7,0.01904,48.57,-0.7,0.89593798681037
48.57_13.73,0.1923,48.573,13.728,0.05365,48.573,13.728,1.8417086865833752
48.59_-3.92,0.07678,48.59,-3.92,0.04253,48.59,-3.92,0.8522497052211859
48.5_16.96,0.04484,48.497228,16.960603,0.00904,48.497228,16.960603,2.310391600390239
48.61_15.95,0.03439,48.61361,15.95028,0.01908,48.61361,15.95028,0.8499279445212793
48.65_21.44,0.07465,48.653722,21.442569,0.08619,48.653722,21.442569,-0.20737823323177648
48.69_7.02,0.03652,48.69,7.02,0.02589,48.69,7.02,0.49629180008411067
48.73_12.16,0.06158,48.728,12.156,0.06585,48.728,12.156,-0.09672157309905956
48.73_4.72,0.02605,48.73,4.72,0.02987,48.73,4.72,-0.19741386514492
48.73_8.26,0.1203,48.73,8.265,0.04254,48.73,8.265,1.4997447041027665
48.76_1.13,0.05668,48.76,1.13,0.03503,48.76,1.13,0.6942487701159556
48.78_19.59,0.2081,48.778647,19.590554,0.06857,48.778647,19.590554,1.6016275377568323
48.78_20.81,1.292,48.78459,20.808784,0.08102,48.78459,20.808784,3.995184174782213
48.82_3.11,0.05789,48.82,3.11,0.098,48.82,3.11,-0.7594675926610543
48.85_4.13,0.04281,48.85,4.13,0.01094,48.85,4.13,1.968335097404363
48.86_7.51,0.02795,48.86,7.51,0.03589,48.86,7.51,-0.36073364008552494
48.89_15.25,0.06262,48.89417,15.24583,0.03101,48.89417,15.24583,1.0138899825260475
48.8_6.49,0.05578,48.8,6.49,0.02824,48.8,6.49,0.9820078457571317
48.92_18.13,0.0778,48.922218,18.133508,0.02632,48.922218,18.133508,1.5636106661383127
48.94_16.18,0.03057,48.94056,16.18333,0.01641,48.94056,16.18333,0.897541313373257
48.95_-0.88,0.05358,48.95,-0.88,0.03919,48.95,-0.88,0.4512090082401695
48.96_10.44,0.09893,48.956,10.435,0.05956,48.956,10.435,0.7320643230625378
48.96_19.28,0.1539,48.964188,19.283563,0.03511,48.964188,19.283563,2.1320393303348175
48.98_0.52,0.04649,48.98,0.52,0.03976,48.98,0.52,0.22560266895667813
48.98_11.62,0.1352,48.981,11.617,0.04139,48.981,11.617,1.7077409979392557
48.98_12.62,0.1672,48.975,12.618,0.05574,48.975,12.618,1.584789939864436
49.01_22.24,0.05973,49.011375,22.237022,0.07402,49.011375,22.237022,-0.30945941385856174
49.05_9.77,0.08768,49.054,9.771,0.03096,49.054,9.771,1.5018423268161163
49.08_6.52,0.05804,49.08,6.52,0.06664,49.08,6.52,-0.19934088129880329
49.11_20.49,0.08696,49.112169,20.492722,0.03765,49.112169,20.492722,1.2077020754680183
49.12_0.27,0.03721,49.12,0.27,0.01597,49.12,0.27,1.22032607771454
49.16_13.09,0.189,49.159,13.086,0.09218,49.159,13.086,1.0358605616591485
49.27_8.03,0.1055,49.272,8.03,0.05374,49.272,8.03,0.9731747724687436
49.28_8.96,0.1032,49.283,8.964,0.07798,49.283,8.964,0.40426691091298084
49.31_21.36,0.05333,49.307212,21.36461,0.06337,49.307212,21.36461,-0.24885268751085546
49.34_15.72,0.02202,49.33528,15.72056,0.00839,49.33528,15.72056,1.392071753124546
49.46_18.77,0.09243,49.457682,18.771024,0.08912,49.457682,18.771024,0.05261195042047557
49.51_11.81,0.08462,49.509,11.811,0.02119,49.509,11.811,1.9976150979841807
49.53_1.99,0.1074,49.53,1.99,0.09281,49.53,1.99,0.21064182840578674
49.55_10.78,0.04762,49.5512,10.7791,0.04231,49.5512,10.7791,0.17056893491398378
49.61_6.61,0.1534,49.6145,6.614,0.075,49.6145,6.614,1.0323359821196905
49.63_13.1,0.04219,49.63,13.1,0.03089,49.63,13.1,0.4497612165917132
49.66_4.85,0.08191,49.66,4.85,0.03394,49.66,4.85,1.2710530294730624
49.66_7.93,0.1164,49.659,7.927,0.07957,49.659,7.927,0.5487945541387026
49.72_18.97,0.05802,49.715462,18.972843,0.03447,49.715462,18.972843,0.7512089968307281
49.75_15.75,0.1026,49.75,15.75,0.08712,49.75,15.75,0.23595487177750948
49.78_3.83,0.03139,49.78,3.83,0.02691,49.78,3.83,0.22216263794169777
49.7_1.47,0.02696,49.7,1.47,0.01848,49.7,1.47,0.5448557397658009
49.81_10.25,0.08111,49.811,10.249,0.01358,49.811,10.249,2.5783963147739306
49.81_14.6,0.01947,49.81,14.6,0.02228,49.81,14.6,-0.194496348619737
49.83_0.64,0.08095,49.83,0.64,0.04941,49.83,0.64,0.7122280247424171
49.92_4.17,0.07918,49.92,4.17,0.1005,49.92,4.17,-0.3439875289235567
49.9_16.75,0.06093,49.9,16.75,0.01993,49.9,16.75,1.612211030178251
50.02_17.91,0.04139,50.016144,17.906532,0.0138,50.016144,17.906532,1.5846139815647595
50.04_2.13,0.06529,50.04,2.13,0.02834,50.04,2.13,1.204022283206607
50.08_9.46,0.1568,50.083,9.463,0.04075,50.083,9.463,1.944053594996768
50.12_4.44,0.03656,50.116,4.4392,0.02094,50.116,4.4392,0.8040046281272613
50.12_8.37,0.1272,50.121,8.372,0.07071,50.121,8.372,0.8471125062003942
50.16_6.32,0.1079,50.1552,6.3175,0.1057,50.1552,6.3175,0.029719488105333692
50.1_13.2,0.03331,50.1,13.2,0.03646,50.1,13.2,-0.13035920736478318
50.1_16.49,0.06404,50.1,16.49,0.05232,50.1,16.49,0.2916107670181745
50.29_7.17,0.09775,50.2907,7.1721,0.07555,50.2907,7.1721,0.37166494702988534
50.32_2.72,0.09565,50.32,2.72,0.03123,50.32,2.72,1.6148323992129012
50.35_12.25,0.02818,50.3502,12.2488,0.03102,50.3502,12.2488,-0.1385270747264542
50.37_4.13,0.04541,50.3665,4.1345,0.02589,50.3665,4.1345,0.8106150715242229
50.38_10.44,0.1054,50.3824,10.4426,0.03077,50.3824,10.4426,1.7762785181910323
50.47_11.37,0.3146,50.47,11.3658,0.3614,50.47,11.3658,-0.2000778354489129
50.47_8.58,0.08339,50.47,8.58,0.05687,50.47,8.58,0.5522065839912678
50.4_15.41,0.07286,50.4,15.41,0.03187,50.4,15.41,1.1929279759649287
50.59_5.71,0.116,50.5909,5.7137,0.04123,50.5909,5.7137,1.4923584390142322
50.61_13.59,0.07119,50.61,13.59,0.03208,50.61,13.59,1.150000459460184
50.63_17.45,0.04019,50.633151,17.452098,0.00791,50.633151,17.452098,2.3450869775859533
50.64_15.82,0.1252,50.64,15.82,0.09289,50.64,15.82,0.43063936439218337
50.64_9.56,0.1222,50.6373,9.5648,0.0269,50.6373,9.5648,2.183566207262105
50.65_19.1,0.02367,50.652579,19.102582,0.02809,50.652579,19.102582,-0.2469969183917837
50.65_2.34,0.04523,50.65,2.34,0.01726,50.65,2.34,1.3898475314524559
50.73_13.56,0.1308,50.7332,13.5595,0.09586,50.7332,13.5595,0.4483616957664822
50.74_10.38,0.02574,50.7428,10.382,0.00946,50.7428,10.382,1.4440999648813064
50.74_14.74,0.1008,50.74,14.74,0.05148,50.74,14.74,0.9694116801665771
50.7_5.1,0.06704,50.6974,5.1049,0.01978,50.6974,5.1049,1.760979722940241
50.81_1.64,0.02271,50.81,1.64,0.01057,50.81,1.64,1.103352329324205
50.82_6.8,0.1276,50.8237,6.7958,0.09353,50.8237,6.7958,0.44812723643094554
50.86_11.37,0.04411,50.8575,11.3701,0.0106,50.8575,11.3701,2.057041495641656
