record_id,source_record_id,sample_id,element_or_analyte,analyte_reported,value,unit,medium,material,measurement_basis,value_qualifier,missing_reason,detection_limit,detection_limit_unit,original_latitude_raw,original_longitude_raw,latitude,longitude,source_crs,coordinate_transform_method,coordinate_uncertainty_m,geologic_unit,analytical_method,method_family,digestion_or_extraction,laboratory,license,source_tier,source_id,dataset_title,dataset_doi,dataset_version,source_file,source_row,source_locator,official_source_url,file_sha256,sampled_at,sample_depth_min_m,sample_depth_max_m,grain_fraction,coordinate_evidence_scope,coordinate_policy_id,coordinate_latitude_field,coordinate_longitude_field,sample_type_raw,sample_type,sample_type_mapping_status,sample_type_missing_reason,geographic_context_raw,survey_area,map_sheet,cruise_track,lithology_raw,lithology,soil_horizon_raw,soil_horizon,sediment_environment,water_body_type,water_fraction,filtered_state,geologic_unit_raw,geologic_age_raw,tectonic_setting_raw,matched_geologic_unit,geology_map_source,geology_map_version,match_method,match_scale,boundary_distance_m,match_uncertainty,geology_missing_reason,method_scope,method_assignment_basis,preparation,analytical_technique,instrument,quantitation_limit,quantitation_limit_unit,reference_materials,method_source_locator,method_publication_id,method_missing_reason,citation_id_raw,publication_id,publication_doi,citation_text_raw,citation_scope,citation_assignment_basis,upstream_primary_source_id,citation_resolution_status,citation_missing_reason,access_status,research_use_status,license_url,license_scope,attribution_required,redistribution_status,terms_verified_at
rec-84ac402596358e3d78c03a663abf27ef3a1c9aa73802f1aa101896ce4673d31f,src-f135c4e5e9f4abd396813233e2c2f5b63123b1fabb06737feb4cb95cad2ac4b7,1|2014-07-18,Cr,Cr,4.7476358454587206,ug/L,water,0.22 um filtered river water,dissolved_filtered_river_water_mass_per_volume,,,,,25.9062666667,103.951683333,,,,,,,ICP-MS (PerkinElmer Elan DRC-e),icp_ms,0.22 um filtration; HNO3 acidification to pH < 2,,CC-BY-4.0,peer_reviewed_open_data,europe-pmc-pearl-river-dissolved-metals,"Geochemical characteristics of dissolved heavy metals in Zhujiang River, Southwest China",10.7717/peerj.6578,peerj-7-e6578-supplement-s004,peerj-07-6578-s004.xlsx,4,peerj-07-6578-s004.xlsx#sheet1-row=4,https://www.ebi.ac.uk/europepmc/webservices/rest/PMC6420802/supplementaryFiles,dbe27bbd31c9de335dcacca5bc6ae8a3e14d117c443048efb7449ab8453d09ba,2014-07-18,,,,,,,,0.22 um filtered river water,water_river,dataset_constant,,"Zhujiang (Pearl River), China / NPR / High flow season","Zhujiang (Pearl River), China",,,,,,,,river,dissolved,filtered_<0.22um,,,,,,,,,,,not_reported,dataset,article_documented_dataset_constant,,ICP-MS (PerkinElmer Elan DRC-e),,,,,doi:10.7717/peerj.6578#materials-and-methods,,,,,,"[""Zhen et al. (2019). Geochemical characteristics of dissolved heavy metals in Zhujiang River, Southwest China: Spatial-temporal distribution, source, export flux estimation, and a water quality assessment. PeerJ 7:e6578. https://doi.org/10.7717/peerj.6578""]",dataset,dataset_metadata,,resolved,,public_download,permitted_research,https://creativecommons.org/licenses/by/4.0/,dataset,true,not_evaluated_for_project_output,2026-08-23T00:00:00Z
rec-0dce116c6ef5a360c34e336ce6bd3118fa863251060c3406fe4ee96b1830d86d,src-f135c4e5e9f4abd396813233e2c2f5b63123b1fabb06737feb4cb95cad2ac4b7,1|2014-07-18,Cu,Cu,68.861292515543852,ug/L,water,0.22 um filtered river water,dissolved_filtered_river_water_mass_per_volume,,,,,25.9062666667,103.951683333,,,,,,,ICP-MS (PerkinElmer Elan DRC-e),icp_ms,0.22 um filtration; HNO3 acidification to pH < 2,,CC-BY-4.0,peer_reviewed_open_data,europe-pmc-pearl-river-dissolved-metals,"Geochemical characteristics of dissolved heavy metals in Zhujiang River, Southwest China",10.7717/peerj.6578,peerj-7-e6578-supplement-s004,peerj-07-6578-s004.xlsx,4,peerj-07-6578-s004.xlsx#sheet1-row=4,https://www.ebi.ac.uk/europepmc/webservices/rest/PMC6420802/supplementaryFiles,dbe27bbd31c9de335dcacca5bc6ae8a3e14d117c443048efb7449ab8453d09ba,2014-07-18,,,,,,,,0.22 um filtered river water,water_river,dataset_constant,,"Zhujiang (Pearl River), China / NPR / High flow season","Zhujiang (Pearl River), China",,,,,,,,river,dissolved,filtered_<0.22um,,,,,,,,,,,not_reported,dataset,article_documented_dataset_constant,,ICP-MS (PerkinElmer Elan DRC-e),,,,,doi:10.7717/peerj.6578#materials-and-methods,,,,,,"[""Zhen et al. (2019). Geochemical characteristics of dissolved heavy metals in Zhujiang River, Southwest China: Spatial-temporal distribution, source, export flux estimation, and a water quality assessment. PeerJ 7:e6578. https://doi.org/10.7717/peerj.6578""]",dataset,dataset_metadata,,resolved,,public_download,permitted_research,https://creativecommons.org/licenses/by/4.0/,dataset,true,not_evaluated_for_project_output,2026-08-23T00:00:00Z
rec-31936eb24d6aefe1997f91d60e54e75f940342e0806e8a44b41f2379d8c91985,src-f135c4e5e9f4abd396813233e2c2f5b63123b1fabb06737feb4cb95cad2ac4b7,1|2014-07-18,Ni,Ni,10.027694313835998,ug/L,water,0.22 um filtered river water,dissolved_filtered_river_water_mass_per_volume,,,,,25.9062666667,103.951683333,,,,,,,ICP-MS (PerkinElmer Elan DRC-e),icp_ms,0.22 um filtration; HNO3 acidification to pH < 2,,CC-BY-4.0,peer_reviewed_open_data,europe-pmc-pearl-river-dissolved-metals,"Geochemical characteristics of dissolved heavy metals in Zhujiang River, Southwest China",10.7717/peerj.6578,peerj-7-e6578-supplement-s004,peerj-07-6578-s004.xlsx,4,peerj-07-6578-s004.xlsx#sheet1-row=4,https://www.ebi.ac.uk/europepmc/webservices/rest/PMC6420802/supplementaryFiles,dbe27bbd31c9de335dcacca5bc6ae8a3e14d117c443048efb7449ab8453d09ba,2014-07-18,,,,,,,,0.22 um filtered river water,water_river,dataset_constant,,"Zhujiang (Pearl River), China / NPR / High flow season","Zhujiang (Pearl River), China",,,,,,,,river,dissolved,filtered_<0.22um,,,,,,,,,,,not_reported,dataset,article_documented_dataset_constant,,ICP-MS (PerkinElmer Elan DRC-e),,,,,doi:10.7717/peerj.6578#materials-and-methods,,,,,,"[""Zhen et al. (2019). Geochemical characteristics of dissolved heavy metals in Zhujiang River, Southwest China: Spatial-temporal distribution, source, export flux estimation, and a water quality assessment. PeerJ 7:e6578. https://doi.org/10.7717/peerj.6578""]",dataset,dataset_metadata,,resolved,,public_download,permitted_research,https://creativecommons.org/licenses/by/4.0/,dataset,true,not_evaluated_for_project_output,2026-08-23T00:00:00Z
rec-d6d533216961fae97241a6ea30a57051dbf85a6ffe9d79781ff586f0e805ee8b,src-f135c4e5e9f4abd396813233e2c2f5b63123b1fabb06737feb4cb95cad2ac4b7,1|2014-07-18,Pb,Pb,7.0504120243878296E-2,ug/L,water,0.22 um filtered river water,dissolved_filtered_river_water_mass_per_volume,,,,,25.9062666667,103.951683333,,,,,,,ICP-MS (PerkinElmer Elan DRC-e),icp_ms,0.22 um filtration; HNO3 acidification to pH < 2,,CC-BY-4.0,peer_reviewed_open_data,europe-pmc-pearl-river-dissolved-metals,"Geochemical characteristics of dissolved heavy metals in Zhujiang River, Southwest China",10.7717/peerj.6578,peerj-7-e6578-supplement-s004,peerj-07-6578-s004.xlsx,4,peerj-07-6578-s004.xlsx#sheet1-row=4,https://www.ebi.ac.uk/europepmc/webservices/rest/PMC6420802/supplementaryFiles,dbe27bbd31c9de335dcacca5bc6ae8a3e14d117c443048efb7449ab8453d09ba,2014-07-18,,,,,,,,0.22 um filtered river water,water_river,dataset_constant,,"Zhujiang (Pearl River), China / NPR / High flow season","Zhujiang (Pearl River), China",,,,,,,,river,dissolved,filtered_<0.22um,,,,,,,,,,,not_reported,dataset,article_documented_dataset_constant,,ICP-MS (PerkinElmer Elan DRC-e),,,,,doi:10.7717/peerj.6578#materials-and-methods,,,,,,"[""Zhen et al. (2019). Geochemical characteristics of dissolved heavy metals in Zhujiang River, Southwest China: Spatial-temporal distribution, source, export flux estimation, and a water quality assessment. PeerJ 7:e6578. https://doi.org/10.7717/peerj.6578""]",dataset,dataset_metadata,,resolved,,public_download,permitted_research,https://creativecommons.org/licenses/by/4.0/,dataset,true,not_evaluated_for_project_output,2026-08-23T00:00:00Z
rec-7e45167f6256cebb1dfdf9323ee505014f248fa1bfa2de303e2e6716e724d3e1,src-8850f5eae7a198b933e673f2352595f4974d0ed26969218aed230dea8b8781ef,2|2014-07-19,Cr,Cr,10.484069664388594,ug/L,water,0.22 um filtered river water,dissolved_filtered_river_water_mass_per_volume,,,,,25.6161833333,103.825533333,,,,,,,ICP-MS (PerkinElmer Elan DRC-e),icp_ms,0.22 um filtration; HNO3 acidification to pH < 2,,CC-BY-4.0,peer_reviewed_open_data,europe-pmc-pearl-river-dissolved-metals,"Geochemical characteristics of dissolved heavy metals in Zhujiang River, Southwest China",10.7717/peerj.6578,peerj-7-e6578-supplement-s004,peerj-07-6578-s004.xlsx,5,peerj-07-6578-s004.xlsx#sheet1-row=5,https://www.ebi.ac.uk/europepmc/webservices/rest/PMC6420802/supplementaryFiles,dbe27bbd31c9de335dcacca5bc6ae8a3e14d117c443048efb7449ab8453d09ba,2014-07-19,,,,,,,,0.22 um filtered river water,water_river,dataset_constant,,"Zhujiang (Pearl River), China / NPR / High flow season","Zhujiang (Pearl River), China",,,,,,,,river,dissolved,filtered_<0.22um,,,,,,,,,,,not_reported,dataset,article_documented_dataset_constant,,ICP-MS (PerkinElmer Elan DRC-e),,,,,doi:10.7717/peerj.6578#materials-and-methods,,,,,,"[""Zhen et al. (2019). Geochemical characteristics of dissolved heavy metals in Zhujiang River, Southwest China: Spatial-temporal distribution, source, export flux estimation, and a water quality assessment. PeerJ 7:e6578. https://doi.org/10.7717/peerj.6578""]",dataset,dataset_metadata,,resolved,,public_download,permitted_research,https://creativecommons.org/licenses/by/4.0/,dataset,true,not_evaluated_for_project_output,2026-08-23T00:00:00Z
rec-d7a70771c10b5a85a876b3451a7de209b31404933389d11024e8dfa21c519df2,src-8850f5eae7a198b933e673f2352595f4974d0ed26969218aed230dea8b8781ef,2|2014-07-19,Cu,Cu,50.298033484550075,ug/L,water,0.22 um filtered river water,dissolved_filtered_river_water_mass_per_volume,,,,,25.6161833333,103.825533333,,,,,,,ICP-MS (PerkinElmer Elan DRC-e),icp_ms,0.22 um filtration; HNO3 acidification to pH < 2,,CC-BY-4.0,peer_reviewed_open_data,europe-pmc-pearl-river-dissolved-metals,"Geochemical characteristics of dissolved heavy metals in Zhujiang River, Southwest China",10.7717/peerj.6578,peerj-7-e6578-supplement-s004,peerj-07-6578-s004.xlsx,5,peerj-07-6578-s004.xlsx#sheet1-row=5,https://www.ebi.ac.uk/europepmc/webservices/rest/PMC6420802/supplementaryFiles,dbe27bbd31c9de335dcacca5bc6ae8a3e14d117c443048efb7449ab8453d09ba,2014-07-19,,,,,,,,0.22 um filtered river water,water_river,dataset_constant,,"Zhujiang (Pearl River), China / NPR / High flow season","Zhujiang (Pearl River), China",,,,,,,,river,dissolved,filtered_<0.22um,,,,,,,,,,,not_reported,dataset,article_documented_dataset_constant,,ICP-MS (PerkinElmer Elan DRC-e),,,,,doi:10.7717/peerj.6578#materials-and-methods,,,,,,"[""Zhen et al. (2019). Geochemical characteristics of dissolved heavy metals in Zhujiang River, Southwest China: Spatial-temporal distribution, source, export flux estimation, and a water quality assessment. PeerJ 7:e6578. https://doi.org/10.7717/peerj.6578""]",dataset,dataset_metadata,,resolved,,public_download,permitted_research,https://creativecommons.org/licenses/by/4.0/,dataset,true,not_evaluated_for_project_output,2026-08-23T00:00:00Z
rec-7743fc119e68eba87b212ad1b34f73a95745d485cf5f0a74f6cc93818695f1f0,src-8850f5eae7a198b933e673f2352595f4974d0ed26969218aed230dea8b8781ef,2|2014-07-19,Ni,Ni,8.501255058946164,ug/L,water,0.22 um filtered river water,dissolved_filtered_river_water_mass_per_volume,,,,,25.6161833333,103.825533333,,,,,,,ICP-MS (PerkinElmer Elan DRC-e),icp_ms,0.22 um filtration; HNO3 acidification to pH < 2,,CC-BY-4.0,peer_reviewed_open_data,europe-pmc-pearl-river-dissolved-metals,"Geochemical characteristics of dissolved heavy metals in Zhujiang River, Southwest China",10.7717/peerj.6578,peerj-7-e6578-supplement-s004,peerj-07-6578-s004.xlsx,5,peerj-07-6578-s004.xlsx#sheet1-row=5,https://www.ebi.ac.uk/europepmc/webservices/rest/PMC6420802/supplementaryFiles,dbe27bbd31c9de335dcacca5bc6ae8a3e14d117c443048efb7449ab8453d09ba,2014-07-19,,,,,,,,0.22 um filtered river water,water_river,dataset_constant,,"Zhujiang (Pearl River), China / NPR / High flow season","Zhujiang (Pearl River), China",,,,,,,,river,dissolved,filtered_<0.22um,,,,,,,,,,,not_reported,dataset,article_documented_dataset_constant,,ICP-MS (PerkinElmer Elan DRC-e),,,,,doi:10.7717/peerj.6578#materials-and-methods,,,,,,"[""Zhen et al. (2019). Geochemical characteristics of dissolved heavy metals in Zhujiang River, Southwest China: Spatial-temporal distribution, source, export flux estimation, and a water quality assessment. PeerJ 7:e6578. https://doi.org/10.7717/peerj.6578""]",dataset,dataset_metadata,,resolved,,public_download,permitted_research,https://creativecommons.org/licenses/by/4.0/,dataset,true,not_evaluated_for_project_output,2026-08-23T00:00:00Z
rec-f3c98c19447b8f43369f033531a077cd85761abf21e82dfc4b38794dce8589bf,src-8850f5eae7a198b933e673f2352595f4974d0ed26969218aed230dea8b8781ef,2|2014-07-19,Pb,Pb,8.477208904049359E-2,ug/L,water,0.22 um filtered river water,dissolved_filtered_river_water_mass_per_volume,,,,,25.6161833333,103.825533333,,,,,,,ICP-MS (PerkinElmer Elan DRC-e),icp_ms,0.22 um filtration; HNO3 acidification to pH < 2,,CC-BY-4.0,peer_reviewed_open_data,europe-pmc-pearl-river-dissolved-metals,"Geochemical characteristics of dissolved heavy metals in Zhujiang River, Southwest China",10.7717/peerj.6578,peerj-7-e6578-supplement-s004,peerj-07-6578-s004.xlsx,5,peerj-07-6578-s004.xlsx#sheet1-row=5,https://www.ebi.ac.uk/europepmc/webservices/rest/PMC6420802/supplementaryFiles,dbe27bbd31c9de335dcacca5bc6ae8a3e14d117c443048efb7449ab8453d09ba,2014-07-19,,,,,,,,0.22 um filtered river water,water_river,dataset_constant,,"Zhujiang (Pearl River), China / NPR / High flow season","Zhujiang (Pearl River), China",,,,,,,,river,dissolved,filtered_<0.22um,,,,,,,,,,,not_reported,dataset,article_documented_dataset_constant,,ICP-MS (PerkinElmer Elan DRC-e),,,,,doi:10.7717/peerj.6578#materials-and-methods,,,,,,"[""Zhen et al. (2019). Geochemical characteristics of dissolved heavy metals in Zhujiang River, Southwest China: Spatial-temporal distribution, source, export flux estimation, and a water quality assessment. PeerJ 7:e6578. https://doi.org/10.7717/peerj.6578""]",dataset,dataset_metadata,,resolved,,public_download,permitted_research,https://creativecommons.org/licenses/by/4.0/,dataset,true,not_evaluated_for_project_output,2026-08-23T00:00:00Z
rec-d9bd7020cb1149c1cddcc0eecbe8dbb9046d639031d0f13f4badf25a2de05095,src-313e83620d618b85d8bbd13a6aea77957d7dac499b7263c333b8b8334736dc33,3|2014-07-19,Cr,Cr,11.663089073372598,ug/L,water,0.22 um filtered river water,dissolved_filtered_river_water_mass_per_volume,,,,,25.2918666667,103.85675,,,,,,,ICP-MS (PerkinElmer Elan DRC-e),icp_ms,0.22 um filtration; HNO3 acidification to pH < 2,,CC-BY-4.0,peer_reviewed_open_data,europe-pmc-pearl-river-dissolved-metals,"Geochemical characteristics of dissolved heavy metals in Zhujiang River, Southwest China",10.7717/peerj.6578,peerj-7-e6578-supplement-s004,peerj-07-6578-s004.xlsx,6,peerj-07-6578-s004.xlsx#sheet1-row=6,https://www.ebi.ac.uk/europepmc/webservices/rest/PMC6420802/supplementaryFiles,dbe27bbd31c9de335dcacca5bc6ae8a3e14d117c443048efb7449ab8453d09ba,2014-07-19,,,,,,,,0.22 um filtered river water,water_river,dataset_constant,,"Zhujiang (Pearl River), China / NPR / High flow season","Zhujiang (Pearl River), China",,,,,,,,river,dissolved,filtered_<0.22um,,,,,,,,,,,not_reported,dataset,article_documented_dataset_constant,,ICP-MS (PerkinElmer Elan DRC-e),,,,,doi:10.7717/peerj.6578#materials-and-methods,,,,,,"[""Zhen et al. (2019). Geochemical characteristics of dissolved heavy metals in Zhujiang River, Southwest China: Spatial-temporal distribution, source, export flux estimation, and a water quality assessment. PeerJ 7:e6578. https://doi.org/10.7717/peerj.6578""]",dataset,dataset_metadata,,resolved,,public_download,permitted_research,https://creativecommons.org/licenses/by/4.0/,dataset,true,not_evaluated_for_project_output,2026-08-23T00:00:00Z
rec-5340e572ab35ba728f7991ed0a908632fd749d27f02fce2898eb7193d81a7580,src-313e83620d618b85d8bbd13a6aea77957d7dac499b7263c333b8b8334736dc33,3|2014-07-19,Cu,Cu,4.2967177268668424,ug/L,water,0.22 um filtered river water,dissolved_filtered_river_water_mass_per_volume,,,,,25.2918666667,103.85675,,,,,,,ICP-MS (PerkinElmer Elan DRC-e),icp_ms,0.22 um filtration; HNO3 acidification to pH < 2,,CC-BY-4.0,peer_reviewed_open_data,europe-pmc-pearl-river-dissolved-metals,"Geochemical characteristics of dissolved heavy metals in Zhujiang River, Southwest China",10.7717/peerj.6578,peerj-7-e6578-supplement-s004,peerj-07-6578-s004.xlsx,6,peerj-07-6578-s004.xlsx#sheet1-row=6,https://www.ebi.ac.uk/europepmc/webservices/rest/PMC6420802/supplementaryFiles,dbe27bbd31c9de335dcacca5bc6ae8a3e14d117c443048efb7449ab8453d09ba,2014-07-19,,,,,,,,0.22 um filtered river water,water_river,dataset_constant,,"Zhujiang (Pearl River), China / NPR / High flow season","Zhujiang (Pearl River), China",,,,,,,,river,dissolved,filtered_<0.22um,,,,,,,,,,,not_reported,dataset,article_documented_dataset_constant,,ICP-MS (PerkinElmer Elan DRC-e),,,,,doi:10.7717/peerj.6578#materials-and-methods,,,,,,"[""Zhen et al. (2019). Geochemical characteristics of dissolved heavy metals in Zhujiang River, Southwest China: Spatial-temporal distribution, source, export flux estimation, and a water quality assessment. PeerJ 7:e6578. https://doi.org/10.7717/peerj.6578""]",dataset,dataset_metadata,,resolved,,public_download,permitted_research,https://creativecommons.org/licenses/by/4.0/,dataset,true,not_evaluated_for_project_output,2026-08-23T00:00:00Z
rec-38db3d9d03d089e66ad635542a0739b200bdd6d1408e075cf8a03ba7e4b22b15,src-313e83620d618b85d8bbd13a6aea77957d7dac499b7263c333b8b8334736dc33,3|2014-07-19,Ni,Ni,6.8054405442762738,ug/L,water,0.22 um filtered river water,dissolved_filtered_river_water_mass_per_volume,,,,,25.2918666667,103.85675,,,,,,,ICP-MS (PerkinElmer Elan DRC-e),icp_ms,0.22 um filtration; HNO3 acidification to pH < 2,,CC-BY-4.0,peer_reviewed_open_data,europe-pmc-pearl-river-dissolved-metals,"Geochemical characteristics of dissolved heavy metals in Zhujiang River, Southwest China",10.7717/peerj.6578,peerj-7-e6578-supplement-s004,peerj-07-6578-s004.xlsx,6,peerj-07-6578-s004.xlsx#sheet1-row=6,https://www.ebi.ac.uk/europepmc/webservices/rest/PMC6420802/supplementaryFiles,dbe27bbd31c9de335dcacca5bc6ae8a3e14d117c443048efb7449ab8453d09ba,2014-07-19,,,,,,,,0.22 um filtered river water,water_river,dataset_constant,,"Zhujiang (Pearl River), China / NPR / High flow season","Zhujiang (Pearl River), China",,,,,,,,river,dissolved,filtered_<0.22um,,,,,,,,,,,not_reported,dataset,article_documented_dataset_constant,,ICP-MS (PerkinElmer Elan DRC-e),,,,,doi:10.7717/peerj.6578#materials-and-methods,,,,,,"[""Zhen et al. (2019). Geochemical characteristics of dissolved heavy metals in Zhujiang River, Southwest China: Spatial-temporal distribution, source, export flux estimation, and a water quality assessment. PeerJ 7:e6578. https://doi.org/10.7717/peerj.6578""]",dataset,dataset_metadata,,resolved,,public_download,permitted_research,https://creativecommons.org/licenses/by/4.0/,dataset,true,not_evaluated_for_project_output,2026-08-23T00:00:00Z
rec-c0d2fc316391cdc9fe922ebb05ba9f023463f6d0e964a58a98fa357decc16b3d,src-313e83620d618b85d8bbd13a6aea77957d7dac499b7263c333b8b8334736dc33,3|2014-07-19,Pb,Pb,3.6173804607606858E-2,ug/L,water,0.22 um filtered river water,dissolved_filtered_river_water_mass_per_volume,,,,,25.2918666667,103.85675,,,,,,,ICP-MS (PerkinElmer Elan DRC-e),icp_ms,0.22 um filtration; HNO3 acidification to pH < 2,,CC-BY-4.0,peer_reviewed_open_data,europe-pmc-pearl-river-dissolved-metals,"Geochemical characteristics of dissolved heavy metals in Zhujiang River, Southwest China",10.7717/peerj.6578,peerj-7-e6578-supplement-s004,peerj-07-6578-s004.xlsx,6,peerj-07-6578-s004.xlsx#sheet1-row=6,https://www.ebi.ac.uk/europepmc/webservices/rest/PMC6420802/supplementaryFiles,dbe27bbd31c9de335dcacca5bc6ae8a3e14d117c443048efb7449ab8453d09ba,2014-07-19,,,,,,,,0.22 um filtered river water,water_river,dataset_constant,,"Zhujiang (Pearl River), China / NPR / High flow season","Zhujiang (Pearl River), China",,,,,,,,river,dissolved,filtered_<0.22um,,,,,,,,,,,not_reported,dataset,article_documented_dataset_constant,,ICP-MS (PerkinElmer Elan DRC-e),,,,,doi:10.7717/peerj.6578#materials-and-methods,,,,,,"[""Zhen et al. (2019). Geochemical characteristics of dissolved heavy metals in Zhujiang River, Southwest China: Spatial-temporal distribution, source, export flux estimation, and a water quality assessment. PeerJ 7:e6578. https://doi.org/10.7717/peerj.6578""]",dataset,dataset_metadata,,resolved,,public_download,permitted_research,https://creativecommons.org/licenses/by/4.0/,dataset,true,not_evaluated_for_project_output,2026-08-23T00:00:00Z
rec-c9c59eea7d34925e2694dfffecdfdab1a0cde0b2af2af2d3033679c7c0630802,src-f894001df0263720b1178b75a395ea668f1dc7bb8b73c3484f568885d941ee4f,4|2014-07-19,Cr,Cr,13.89739356595382,ug/L,water,0.22 um filtered river water,dissolved_filtered_river_water_mass_per_volume,,,,,25.0098166667,103.63855,,,,,,,ICP-MS (PerkinElmer Elan DRC-e),icp_ms,0.22 um filtration; HNO3 acidification to pH < 2,,CC-BY-4.0,peer_reviewed_open_data,europe-pmc-pearl-river-dissolved-metals,"Geochemical characteristics of dissolved heavy metals in Zhujiang River, Southwest China",10.7717/peerj.6578,peerj-7-e6578-supplement-s004,peerj-07-6578-s004.xlsx,7,peerj-07-6578-s004.xlsx#sheet1-row=7,https://www.ebi.ac.uk/europepmc/webservices/rest/PMC6420802/supplementaryFiles,dbe27bbd31c9de335dcacca5bc6ae8a3e14d117c443048efb7449ab8453d09ba,2014-07-19,,,,,,,,0.22 um filtered river water,water_river,dataset_constant,,"Zhujiang (Pearl River), China / NPR / High flow season","Zhujiang (Pearl River), China",,,,,,,,river,dissolved,filtered_<0.22um,,,,,,,,,,,not_reported,dataset,article_documented_dataset_constant,,ICP-MS (PerkinElmer Elan DRC-e),,,,,doi:10.7717/peerj.6578#materials-and-methods,,,,,,"[""Zhen et al. (2019). Geochemical characteristics of dissolved heavy metals in Zhujiang River, Southwest China: Spatial-temporal distribution, source, export flux estimation, and a water quality assessment. PeerJ 7:e6578. https://doi.org/10.7717/peerj.6578""]",dataset,dataset_metadata,,resolved,,public_download,permitted_research,https://creativecommons.org/licenses/by/4.0/,dataset,true,not_evaluated_for_project_output,2026-08-23T00:00:00Z
rec-ed4166e905597ebfe857bd8b676e29583533b2d7687d9fe30c8e9d4b846e6e05,src-f894001df0263720b1178b75a395ea668f1dc7bb8b73c3484f568885d941ee4f,4|2014-07-19,Cu,Cu,1.0386712176504747,ug/L,water,0.22 um filtered river water,dissolved_filtered_river_water_mass_per_volume,,,,,25.0098166667,103.63855,,,,,,,ICP-MS (PerkinElmer Elan DRC-e),icp_ms,0.22 um filtration; HNO3 acidification to pH < 2,,CC-BY-4.0,peer_reviewed_open_data,europe-pmc-pearl-river-dissolved-metals,"Geochemical characteristics of dissolved heavy metals in Zhujiang River, Southwest China",10.7717/peerj.6578,peerj-7-e6578-supplement-s004,peerj-07-6578-s004.xlsx,7,peerj-07-6578-s004.xlsx#sheet1-row=7,https://www.ebi.ac.uk/europepmc/webservices/rest/PMC6420802/supplementaryFiles,dbe27bbd31c9de335dcacca5bc6ae8a3e14d117c443048efb7449ab8453d09ba,2014-07-19,,,,,,,,0.22 um filtered river water,water_river,dataset_constant,,"Zhujiang (Pearl River), China / NPR / High flow season","Zhujiang (Pearl River), China",,,,,,,,river,dissolved,filtered_<0.22um,,,,,,,,,,,not_reported,dataset,article_documented_dataset_constant,,ICP-MS (PerkinElmer Elan DRC-e),,,,,doi:10.7717/peerj.6578#materials-and-methods,,,,,,"[""Zhen et al. (2019). Geochemical characteristics of dissolved heavy metals in Zhujiang River, Southwest China: Spatial-temporal distribution, source, export flux estimation, and a water quality assessment. PeerJ 7:e6578. https://doi.org/10.7717/peerj.6578""]",dataset,dataset_metadata,,resolved,,public_download,permitted_research,https://creativecommons.org/licenses/by/4.0/,dataset,true,not_evaluated_for_project_output,2026-08-23T00:00:00Z
rec-7c3aeac03fc48db0caa74c7e800c8551a6230ab23f104e61975212fb94445573,src-f894001df0263720b1178b75a395ea668f1dc7bb8b73c3484f568885d941ee4f,4|2014-07-19,Ni,Ni,2.7471668190041205,ug/L,water,0.22 um filtered river water,dissolved_filtered_river_water_mass_per_volume,,,,,25.0098166667,103.63855,,,,,,,ICP-MS (PerkinElmer Elan DRC-e),icp_ms,0.22 um filtration; HNO3 acidification to pH < 2,,CC-BY-4.0,peer_reviewed_open_data,europe-pmc-pearl-river-dissolved-metals,"Geochemical characteristics of dissolved heavy metals in Zhujiang River, Southwest China",10.7717/peerj.6578,peerj-7-e6578-supplement-s004,peerj-07-6578-s004.xlsx,7,peerj-07-6578-s004.xlsx#sheet1-row=7,https://www.ebi.ac.uk/europepmc/webservices/rest/PMC6420802/supplementaryFiles,dbe27bbd31c9de335dcacca5bc6ae8a3e14d117c443048efb7449ab8453d09ba,2014-07-19,,,,,,,,0.22 um filtered river water,water_river,dataset_constant,,"Zhujiang (Pearl River), China / NPR / High flow season","Zhujiang (Pearl River), China",,,,,,,,river,dissolved,filtered_<0.22um,,,,,,,,,,,not_reported,dataset,article_documented_dataset_constant,,ICP-MS (PerkinElmer Elan DRC-e),,,,,doi:10.7717/peerj.6578#materials-and-methods,,,,,,"[""Zhen et al. (2019). Geochemical characteristics of dissolved heavy metals in Zhujiang River, Southwest China: Spatial-temporal distribution, source, export flux estimation, and a water quality assessment. PeerJ 7:e6578. https://doi.org/10.7717/peerj.6578""]",dataset,dataset_metadata,,resolved,,public_download,permitted_research,https://creativecommons.org/licenses/by/4.0/,dataset,true,not_evaluated_for_project_output,2026-08-23T00:00:00Z
rec-c49984220e991b14dcfec40eabd7869735aee6523c56ae096726bb4d8838b982,src-f894001df0263720b1178b75a395ea668f1dc7bb8b73c3484f568885d941ee4f,4|2014-07-19,Pb,Pb,6.420250531112065E-2,ug/L,water,0.22 um filtered river water,dissolved_filtered_river_water_mass_per_volume,,,,,25.0098166667,103.63855,,,,,,,ICP-MS (PerkinElmer Elan DRC-e),icp_ms,0.22 um filtration; HNO3 acidification to pH < 2,,CC-BY-4.0,peer_reviewed_open_data,europe-pmc-pearl-river-dissolved-metals,"Geochemical characteristics of dissolved heavy metals in Zhujiang River, Southwest China",10.7717/peerj.6578,peerj-7-e6578-supplement-s004,peerj-07-6578-s004.xlsx,7,peerj-07-6578-s004.xlsx#sheet1-row=7,https://www.ebi.ac.uk/europepmc/webservices/rest/PMC6420802/supplementaryFiles,dbe27bbd31c9de335dcacca5bc6ae8a3e14d117c443048efb7449ab8453d09ba,2014-07-19,,,,,,,,0.22 um filtered river water,water_river,dataset_constant,,"Zhujiang (Pearl River), China / NPR / High flow season","Zhujiang (Pearl River), China",,,,,,,,river,dissolved,filtered_<0.22um,,,,,,,,,,,not_reported,dataset,article_documented_dataset_constant,,ICP-MS (PerkinElmer Elan DRC-e),,,,,doi:10.7717/peerj.6578#materials-and-methods,,,,,,"[""Zhen et al. (2019). Geochemical characteristics of dissolved heavy metals in Zhujiang River, Southwest China: Spatial-temporal distribution, source, export flux estimation, and a water quality assessment. PeerJ 7:e6578. https://doi.org/10.7717/peerj.6578""]",dataset,dataset_metadata,,resolved,,public_download,permitted_research,https://creativecommons.org/licenses/by/4.0/,dataset,true,not_evaluated_for_project_output,2026-08-23T00:00:00Z
rec-8d1a6636f0d4981aa1711e6ab9b820cbd5d886f9b923c5eb4c800a89a1e9b6de,src-bfcdb450078bea990c2a1c429b93e2abf9bd9d6d32cbc8477372e8293915d751,5|2014-07-19,Cr,Cr,8.2957770695912227,ug/L,water,0.22 um filtered river water,dissolved_filtered_river_water_mass_per_volume,,,,,24.93615,103.1779,,,,,,,ICP-MS (PerkinElmer Elan DRC-e),icp_ms,0.22 um filtration; HNO3 acidification to pH < 2,,CC-BY-4.0,peer_reviewed_open_data,europe-pmc-pearl-river-dissolved-metals,"Geochemical characteristics of dissolved heavy metals in Zhujiang River, Southwest China",10.7717/peerj.6578,peerj-7-e6578-supplement-s004,peerj-07-6578-s004.xlsx,8,peerj-07-6578-s004.xlsx#sheet1-row=8,https://www.ebi.ac.uk/europepmc/webservices/rest/PMC6420802/supplementaryFiles,dbe27bbd31c9de335dcacca5bc6ae8a3e14d117c443048efb7449ab8453d09ba,2014-07-19,,,,,,,,0.22 um filtered river water,water_river,dataset_constant,,"Zhujiang (Pearl River), China / NPR / High flow season","Zhujiang (Pearl River), China",,,,,,,,river,dissolved,filtered_<0.22um,,,,,,,,,,,not_reported,dataset,article_documented_dataset_constant,,ICP-MS (PerkinElmer Elan DRC-e),,,,,doi:10.7717/peerj.6578#materials-and-methods,,,,,,"[""Zhen et al. (2019). Geochemical characteristics of dissolved heavy metals in Zhujiang River, Southwest China: Spatial-temporal distribution, source, export flux estimation, and a water quality assessment. PeerJ 7:e6578. https://doi.org/10.7717/peerj.6578""]",dataset,dataset_metadata,,resolved,,public_download,permitted_research,https://creativecommons.org/licenses/by/4.0/,dataset,true,not_evaluated_for_project_output,2026-08-23T00:00:00Z
rec-078195d00198c0f4cacc8cab0fcf8a6504a9897b7a5b5f3486322bee31864729,src-bfcdb450078bea990c2a1c429b93e2abf9bd9d6d32cbc8477372e8293915d751,5|2014-07-19,Cu,Cu,0.95513868407589064,ug/L,water,0.22 um filtered river water,dissolved_filtered_river_water_mass_per_volume,,,,,24.93615,103.1779,,,,,,,ICP-MS (PerkinElmer Elan DRC-e),icp_ms,0.22 um filtration; HNO3 acidification to pH < 2,,CC-BY-4.0,peer_reviewed_open_data,europe-pmc-pearl-river-dissolved-metals,"Geochemical characteristics of dissolved heavy metals in Zhujiang River, Southwest China",10.7717/peerj.6578,peerj-7-e6578-supplement-s004,peerj-07-6578-s004.xlsx,8,peerj-07-6578-s004.xlsx#sheet1-row=8,https://www.ebi.ac.uk/europepmc/webservices/rest/PMC6420802/supplementaryFiles,dbe27bbd31c9de335dcacca5bc6ae8a3e14d117c443048efb7449ab8453d09ba,2014-07-19,,,,,,,,0.22 um filtered river water,water_river,dataset_constant,,"Zhujiang (Pearl River), China / NPR / High flow season","Zhujiang (Pearl River), China",,,,,,,,river,dissolved,filtered_<0.22um,,,,,,,,,,,not_reported,dataset,article_documented_dataset_constant,,ICP-MS (PerkinElmer Elan DRC-e),,,,,doi:10.7717/peerj.6578#materials-and-methods,,,,,,"[""Zhen et al. (2019). Geochemical characteristics of dissolved heavy metals in Zhujiang River, Southwest China: Spatial-temporal distribution, source, export flux estimation, and a water quality assessment. PeerJ 7:e6578. https://doi.org/10.7717/peerj.6578""]",dataset,dataset_metadata,,resolved,,public_download,permitted_research,https://creativecommons.org/licenses/by/4.0/,dataset,true,not_evaluated_for_project_output,2026-08-23T00:00:00Z
rec-a8bfaa6c7a41c82b017899a513ee0750ab2a8b49bffa6c3dfc25bea0461297af,src-bfcdb450078bea990c2a1c429b93e2abf9bd9d6d32cbc8477372e8293915d751,5|2014-07-19,Ni,Ni,2.7964150841747202,ug/L,water,0.22 um filtered river water,dissolved_filtered_river_water_mass_per_volume,,,,,24.93615,103.1779,,,,,,,ICP-MS (PerkinElmer Elan DRC-e),icp_ms,0.22 um filtration; HNO3 acidification to pH < 2,,CC-BY-4.0,peer_reviewed_open_data,europe-pmc-pearl-river-dissolved-metals,"Geochemical characteristics of dissolved heavy metals in Zhujiang River, Southwest China",10.7717/peerj.6578,peerj-7-e6578-supplement-s004,peerj-07-6578-s004.xlsx,8,peerj-07-6578-s004.xlsx#sheet1-row=8,https://www.ebi.ac.uk/europepmc/webservices/rest/PMC6420802/supplementaryFiles,dbe27bbd31c9de335dcacca5bc6ae8a3e14d117c443048efb7449ab8453d09ba,2014-07-19,,,,,,,,0.22 um filtered river water,water_river,dataset_constant,,"Zhujiang (Pearl River), China / NPR / High flow season","Zhujiang (Pearl River), China",,,,,,,,river,dissolved,filtered_<0.22um,,,,,,,,,,,not_reported,dataset,article_documented_dataset_constant,,ICP-MS (PerkinElmer Elan DRC-e),,,,,doi:10.7717/peerj.6578#materials-and-methods,,,,,,"[""Zhen et al. (2019). Geochemical characteristics of dissolved heavy metals in Zhujiang River, Southwest China: Spatial-temporal distribution, source, export flux estimation, and a water quality assessment. PeerJ 7:e6578. https://doi.org/10.7717/peerj.6578""]",dataset,dataset_metadata,,resolved,,public_download,permitted_research,https://creativecommons.org/licenses/by/4.0/,dataset,true,not_evaluated_for_project_output,2026-08-23T00:00:00Z
rec-9872232a1d9722ba2ace067d43f75f0bc0f9d4b3d5599dc83c338cedb5c6e4b0,src-bfcdb450078bea990c2a1c429b93e2abf9bd9d6d32cbc8477372e8293915d751,5|2014-07-19,Pb,Pb,3.0279347881134327E-2,ug/L,water,0.22 um filtered river water,dissolved_filtered_river_water_mass_per_volume,,,,,24.93615,103.1779,,,,,,,ICP-MS (PerkinElmer Elan DRC-e),icp_ms,0.22 um filtration; HNO3 acidification to pH < 2,,CC-BY-4.0,peer_reviewed_open_data,europe-pmc-pearl-river-dissolved-metals,"Geochemical characteristics of dissolved heavy metals in Zhujiang River, Southwest China",10.7717/peerj.6578,peerj-7-e6578-supplement-s004,peerj-07-6578-s004.xlsx,8,peerj-07-6578-s004.xlsx#sheet1-row=8,https://www.ebi.ac.uk/europepmc/webservices/rest/PMC6420802/supplementaryFiles,dbe27bbd31c9de335dcacca5bc6ae8a3e14d117c443048efb7449ab8453d09ba,2014-07-19,,,,,,,,0.22 um filtered river water,water_river,dataset_constant,,"Zhujiang (Pearl River), China / NPR / High flow season","Zhujiang (Pearl River), China",,,,,,,,river,dissolved,filtered_<0.22um,,,,,,,,,,,not_reported,dataset,article_documented_dataset_constant,,ICP-MS (PerkinElmer Elan DRC-e),,,,,doi:10.7717/peerj.6578#materials-and-methods,,,,,,"[""Zhen et al. (2019). Geochemical characteristics of dissolved heavy metals in Zhujiang River, Southwest China: Spatial-temporal distribution, source, export flux estimation, and a water quality assessment. PeerJ 7:e6578. https://doi.org/10.7717/peerj.6578""]",dataset,dataset_metadata,,resolved,,public_download,permitted_research,https://creativecommons.org/licenses/by/4.0/,dataset,true,not_evaluated_for_project_output,2026-08-23T00:00:00Z
rec-d9814dc095b1bce9b910e8e6d3db23bfcaf9fc3bbfc6335a2e5c378a811c2a76,src-d12c87382efa67c5bab3d0dff705cfd0684e7c31ec6d48cc5e8f5583b675ea71,6|2014-07-20,Cr,Cr,11.880176557179155,ug/L,water,0.22 um filtered river water,dissolved_filtered_river_water_mass_per_volume,,,,,24.2219,103.106916667,,,,,,,ICP-MS (PerkinElmer Elan DRC-e),icp_ms,0.22 um filtration; HNO3 acidification to pH < 2,,CC-BY-4.0,peer_reviewed_open_data,europe-pmc-pearl-river-dissolved-metals,"Geochemical characteristics of dissolved heavy metals in Zhujiang River, Southwest China",10.7717/peerj.6578,peerj-7-e6578-supplement-s004,peerj-07-6578-s004.xlsx,9,peerj-07-6578-s004.xlsx#sheet1-row=9,https://www.ebi.ac.uk/europepmc/webservices/rest/PMC6420802/supplementaryFiles,dbe27bbd31c9de335dcacca5bc6ae8a3e14d117c443048efb7449ab8453d09ba,2014-07-20,,,,,,,,0.22 um filtered river water,water_river,dataset_constant,,"Zhujiang (Pearl River), China / NPR / High flow season","Zhujiang (Pearl River), China",,,,,,,,river,dissolved,filtered_<0.22um,,,,,,,,,,,not_reported,dataset,article_documented_dataset_constant,,ICP-MS (PerkinElmer Elan DRC-e),,,,,doi:10.7717/peerj.6578#materials-and-methods,,,,,,"[""Zhen et al. (2019). Geochemical characteristics of dissolved heavy metals in Zhujiang River, Southwest China: Spatial-temporal distribution, source, export flux estimation, and a water quality assessment. PeerJ 7:e6578. https://doi.org/10.7717/peerj.6578""]",dataset,dataset_metadata,,resolved,,public_download,permitted_research,https://creativecommons.org/licenses/by/4.0/,dataset,true,not_evaluated_for_project_output,2026-08-23T00:00:00Z
rec-7e43d0884a29cde89c62c13cad63575cdac66441fb7387c047310ec53252f00c,src-d12c87382efa67c5bab3d0dff705cfd0684e7c31ec6d48cc5e8f5583b675ea71,6|2014-07-20,Cu,Cu,1.1056984060466513,ug/L,water,0.22 um filtered river water,dissolved_filtered_river_water_mass_per_volume,,,,,24.2219,103.106916667,,,,,,,ICP-MS (PerkinElmer Elan DRC-e),icp_ms,0.22 um filtration; HNO3 acidification to pH < 2,,CC-BY-4.0,peer_reviewed_open_data,europe-pmc-pearl-river-dissolved-metals,"Geochemical characteristics of dissolved heavy metals in Zhujiang River, Southwest China",10.7717/peerj.6578,peerj-7-e6578-supplement-s004,peerj-07-6578-s004.xlsx,9,peerj-07-6578-s004.xlsx#sheet1-row=9,https://www.ebi.ac.uk/europepmc/webservices/rest/PMC6420802/supplementaryFiles,dbe27bbd31c9de335dcacca5bc6ae8a3e14d117c443048efb7449ab8453d09ba,2014-07-20,,,,,,,,0.22 um filtered river water,water_river,dataset_constant,,"Zhujiang (Pearl River), China / NPR / High flow season","Zhujiang (Pearl River), China",,,,,,,,river,dissolved,filtered_<0.22um,,,,,,,,,,,not_reported,dataset,article_documented_dataset_constant,,ICP-MS (PerkinElmer Elan DRC-e),,,,,doi:10.7717/peerj.6578#materials-and-methods,,,,,,"[""Zhen et al. (2019). Geochemical characteristics of dissolved heavy metals in Zhujiang River, Southwest China: Spatial-temporal distribution, source, export flux estimation, and a water quality assessment. PeerJ 7:e6578. https://doi.org/10.7717/peerj.6578""]",dataset,dataset_metadata,,resolved,,public_download,permitted_research,https://creativecommons.org/licenses/by/4.0/,dataset,true,not_evaluated_for_project_output,2026-08-23T00:00:00Z
rec-ad5a76b09f0f20bb9fc568978945d6c1390345d8972a522ad94852b293433bf2,src-d12c87382efa67c5bab3d0dff705cfd0684e7c31ec6d48cc5e8f5583b675ea71,6|2014-07-20,Ni,Ni,2.8419632506371539,ug/L,water,0.22 um filtered river water,dissolved_filtered_river_water_mass_per_volume,,,,,24.2219,103.106916667,,,,,,,ICP-MS (PerkinElmer Elan DRC-e),icp_ms,0.22 um filtration; HNO3 acidification to pH < 2,,CC-BY-4.0,peer_reviewed_open_data,europe-pmc-pearl-river-dissolved-metals,"Geochemical characteristics of dissolved heavy metals in Zhujiang River, Southwest China",10.7717/peerj.6578,peerj-7-e6578-supplement-s004,peerj-07-6578-s004.xlsx,9,peerj-07-6578-s004.xlsx#sheet1-row=9,https://www.ebi.ac.uk/europepmc/webservices/rest/PMC6420802/supplementaryFiles,dbe27bbd31c9de335dcacca5bc6ae8a3e14d117c443048efb7449ab8453d09ba,2014-07-20,,,,,,,,0.22 um filtered river water,water_river,dataset_constant,,"Zhujiang (Pearl River), China / NPR / High flow season","Zhujiang (Pearl River), China",,,,,,,,river,dissolved,filtered_<0.22um,,,,,,,,,,,not_reported,dataset,article_documented_dataset_constant,,ICP-MS (PerkinElmer Elan DRC-e),,,,,doi:10.7717/peerj.6578#materials-and-methods,,,,,,"[""Zhen et al. (2019). Geochemical characteristics of dissolved heavy metals in Zhujiang River, Southwest China: Spatial-temporal distribution, source, export flux estimation, and a water quality assessment. PeerJ 7:e6578. https://doi.org/10.7717/peerj.6578""]",dataset,dataset_metadata,,resolved,,public_download,permitted_research,https://creativecommons.org/licenses/by/4.0/,dataset,true,not_evaluated_for_project_output,2026-08-23T00:00:00Z
rec-39923d444ffd3f0d4bac239953f4198953a288e65673b4b7f83dc770a376879f,src-d12c87382efa67c5bab3d0dff705cfd0684e7c31ec6d48cc5e8f5583b675ea71,6|2014-07-20,Pb,Pb,4.7659579328973571E-2,ug/L,water,0.22 um filtered river water,dissolved_filtered_river_water_mass_per_volume,,,,,24.2219,103.106916667,,,,,,,ICP-MS (PerkinElmer Elan DRC-e),icp_ms,0.22 um filtration; HNO3 acidification to pH < 2,,CC-BY-4.0,peer_reviewed_open_data,europe-pmc-pearl-river-dissolved-metals,"Geochemical characteristics of dissolved heavy metals in Zhujiang River, Southwest China",10.7717/peerj.6578,peerj-7-e6578-supplement-s004,peerj-07-6578-s004.xlsx,9,peerj-07-6578-s004.xlsx#sheet1-row=9,https://www.ebi.ac.uk/europepmc/webservices/rest/PMC6420802/supplementaryFiles,dbe27bbd31c9de335dcacca5bc6ae8a3e14d117c443048efb7449ab8453d09ba,2014-07-20,,,,,,,,0.22 um filtered river water,water_river,dataset_constant,,"Zhujiang (Pearl River), China / NPR / High flow season","Zhujiang (Pearl River), China",,,,,,,,river,dissolved,filtered_<0.22um,,,,,,,,,,,not_reported,dataset,article_documented_dataset_constant,,ICP-MS (PerkinElmer Elan DRC-e),,,,,doi:10.7717/peerj.6578#materials-and-methods,,,,,,"[""Zhen et al. (2019). Geochemical characteristics of dissolved heavy metals in Zhujiang River, Southwest China: Spatial-temporal distribution, source, export flux estimation, and a water quality assessment. PeerJ 7:e6578. https://doi.org/10.7717/peerj.6578""]",dataset,dataset_metadata,,resolved,,public_download,permitted_research,https://creativecommons.org/licenses/by/4.0/,dataset,true,not_evaluated_for_project_output,2026-08-23T00:00:00Z
rec-4ce15699e868cbfd058a32cc6d2057f5f4970f3ffacc6713488e5759d8ccc742,src-6af15b8cf803af901d1a63e89c570be39f52d61a10ae94da708c9264d448db30,7|2014-07-20,Cr,Cr,9.9677380603048942,ug/L,water,0.22 um filtered river water,dissolved_filtered_river_water_mass_per_volume,,,,,24.2110666667,103.113433333,,,,,,,ICP-MS (PerkinElmer Elan DRC-e),icp_ms,0.22 um filtration; HNO3 acidification to pH < 2,,CC-BY-4.0,peer_reviewed_open_data,europe-pmc-pearl-river-dissolved-metals,"Geochemical characteristics of dissolved heavy metals in Zhujiang River, Southwest China",10.7717/peerj.6578,peerj-7-e6578-supplement-s004,peerj-07-6578-s004.xlsx,10,peerj-07-6578-s004.xlsx#sheet1-row=10,https://www.ebi.ac.uk/europepmc/webservices/rest/PMC6420802/supplementaryFiles,dbe27bbd31c9de335dcacca5bc6ae8a3e14d117c443048efb7449ab8453d09ba,2014-07-20,,,,,,,,0.22 um filtered river water,water_river,dataset_constant,,"Zhujiang (Pearl River), China / T-NPR / High flow season","Zhujiang (Pearl River), China",,,,,,,,river,dissolved,filtered_<0.22um,,,,,,,,,,,not_reported,dataset,article_documented_dataset_constant,,ICP-MS (PerkinElmer Elan DRC-e),,,,,doi:10.7717/peerj.6578#materials-and-methods,,,,,,"[""Zhen et al. (2019). Geochemical characteristics of dissolved heavy metals in Zhujiang River, Southwest China: Spatial-temporal distribution, source, export flux estimation, and a water quality assessment. PeerJ 7:e6578. https://doi.org/10.7717/peerj.6578""]",dataset,dataset_metadata,,resolved,,public_download,permitted_research,https://creativecommons.org/licenses/by/4.0/,dataset,true,not_evaluated_for_project_output,2026-08-23T00:00:00Z
rec-e962d5d2d50e2b3835b81b3ee8d7e857887b89c8fc65f659224c0aa71e8192a8,src-6af15b8cf803af901d1a63e89c570be39f52d61a10ae94da708c9264d448db30,7|2014-07-20,Cu,Cu,20.426337491684919,ug/L,water,0.22 um filtered river water,dissolved_filtered_river_water_mass_per_volume,,,,,24.2110666667,103.113433333,,,,,,,ICP-MS (PerkinElmer Elan DRC-e),icp_ms,0.22 um filtration; HNO3 acidification to pH < 2,,CC-BY-4.0,peer_reviewed_open_data,europe-pmc-pearl-river-dissolved-metals,"Geochemical characteristics of dissolved heavy metals in Zhujiang River, Southwest China",10.7717/peerj.6578,peerj-7-e6578-supplement-s004,peerj-07-6578-s004.xlsx,10,peerj-07-6578-s004.xlsx#sheet1-row=10,https://www.ebi.ac.uk/europepmc/webservices/rest/PMC6420802/supplementaryFiles,dbe27bbd31c9de335dcacca5bc6ae8a3e14d117c443048efb7449ab8453d09ba,2014-07-20,,,,,,,,0.22 um filtered river water,water_river,dataset_constant,,"Zhujiang (Pearl River), China / T-NPR / High flow season","Zhujiang (Pearl River), China",,,,,,,,river,dissolved,filtered_<0.22um,,,,,,,,,,,not_reported,dataset,article_documented_dataset_constant,,ICP-MS (PerkinElmer Elan DRC-e),,,,,doi:10.7717/peerj.6578#materials-and-methods,,,,,,"[""Zhen et al. (2019). Geochemical characteristics of dissolved heavy metals in Zhujiang River, Southwest China: Spatial-temporal distribution, source, export flux estimation, and a water quality assessment. PeerJ 7:e6578. https://doi.org/10.7717/peerj.6578""]",dataset,dataset_metadata,,resolved,,public_download,permitted_research,https://creativecommons.org/licenses/by/4.0/,dataset,true,not_evaluated_for_project_output,2026-08-23T00:00:00Z
rec-07fb312e4fec9ff1ef143299b17517d10a8b7bea9e7b5a02e24cfc0517921c37,src-6af15b8cf803af901d1a63e89c570be39f52d61a10ae94da708c9264d448db30,7|2014-07-20,Ni,Ni,16.72488184229428,ug/L,water,0.22 um filtered river water,dissolved_filtered_river_water_mass_per_volume,,,,,24.2110666667,103.113433333,,,,,,,ICP-MS (PerkinElmer Elan DRC-e),icp_ms,0.22 um filtration; HNO3 acidification to pH < 2,,CC-BY-4.0,peer_reviewed_open_data,europe-pmc-pearl-river-dissolved-metals,"Geochemical characteristics of dissolved heavy metals in Zhujiang River, Southwest China",10.7717/peerj.6578,peerj-7-e6578-supplement-s004,peerj-07-6578-s004.xlsx,10,peerj-07-6578-s004.xlsx#sheet1-row=10,https://www.ebi.ac.uk/europepmc/webservices/rest/PMC6420802/supplementaryFiles,dbe27bbd31c9de335dcacca5bc6ae8a3e14d117c443048efb7449ab8453d09ba,2014-07-20,,,,,,,,0.22 um filtered river water,water_river,dataset_constant,,"Zhujiang (Pearl River), China / T-NPR / High flow season","Zhujiang (Pearl River), China",,,,,,,,river,dissolved,filtered_<0.22um,,,,,,,,,,,not_reported,dataset,article_documented_dataset_constant,,ICP-MS (PerkinElmer Elan DRC-e),,,,,doi:10.7717/peerj.6578#materials-and-methods,,,,,,"[""Zhen et al. (2019). Geochemical characteristics of dissolved heavy metals in Zhujiang River, Southwest China: Spatial-temporal distribution, source, export flux estimation, and a water quality assessment. PeerJ 7:e6578. https://doi.org/10.7717/peerj.6578""]",dataset,dataset_metadata,,resolved,,public_download,permitted_research,https://creativecommons.org/licenses/by/4.0/,dataset,true,not_evaluated_for_project_output,2026-08-23T00:00:00Z
rec-1f40bc219782072d05b61d331446228d2ef2428bb4a5a4221d2123bd20d518bf,src-6af15b8cf803af901d1a63e89c570be39f52d61a10ae94da708c9264d448db30,7|2014-07-20,Pb,Pb,8.0492587258845463E-2,ug/L,water,0.22 um filtered river water,dissolved_filtered_river_water_mass_per_volume,,,,,24.2110666667,103.113433333,,,,,,,ICP-MS (PerkinElmer Elan DRC-e),icp_ms,0.22 um filtration; HNO3 acidification to pH < 2,,CC-BY-4.0,peer_reviewed_open_data,europe-pmc-pearl-river-dissolved-metals,"Geochemical characteristics of dissolved heavy metals in Zhujiang River, Southwest China",10.7717/peerj.6578,peerj-7-e6578-supplement-s004,peerj-07-6578-s004.xlsx,10,peerj-07-6578-s004.xlsx#sheet1-row=10,https://www.ebi.ac.uk/europepmc/webservices/rest/PMC6420802/supplementaryFiles,dbe27bbd31c9de335dcacca5bc6ae8a3e14d117c443048efb7449ab8453d09ba,2014-07-20,,,,,,,,0.22 um filtered river water,water_river,dataset_constant,,"Zhujiang (Pearl River), China / T-NPR / High flow season","Zhujiang (Pearl River), China",,,,,,,,river,dissolved,filtered_<0.22um,,,,,,,,,,,not_reported,dataset,article_documented_dataset_constant,,ICP-MS (PerkinElmer Elan DRC-e),,,,,doi:10.7717/peerj.6578#materials-and-methods,,,,,,"[""Zhen et al. (2019). Geochemical characteristics of dissolved heavy metals in Zhujiang River, Southwest China: Spatial-temporal distribution, source, export flux estimation, and a water quality assessment. PeerJ 7:e6578. https://doi.org/10.7717/peerj.6578""]",dataset,dataset_metadata,,resolved,,public_download,permitted_research,https://creativecommons.org/licenses/by/4.0/,dataset,true,not_evaluated_for_project_output,2026-08-23T00:00:00Z
rec-e85e247fea4a21de1536cc08dae6df78a540a5d9eb1fa1dc544c741ec874059e,src-ad9f33a5073768bd8792f309593a1b8d93fad1fdd62d177ed27edd5d091b5da9,8|2014-07-19,Cr,Cr,14.865228952638043,ug/L,water,0.22 um filtered river water,dissolved_filtered_river_water_mass_per_volume,,,,,24.2296333333,103.396733333,,,,,,,ICP-MS (PerkinElmer Elan DRC-e),icp_ms,0.22 um filtration; HNO3 acidification to pH < 2,,CC-BY-4.0,peer_reviewed_open_data,europe-pmc-pearl-river-dissolved-metals,"Geochemical characteristics of dissolved heavy metals in Zhujiang River, Southwest China",10.7717/peerj.6578,peerj-7-e6578-supplement-s004,peerj-07-6578-s004.xlsx,11,peerj-07-6578-s004.xlsx#sheet1-row=11,https://www.ebi.ac.uk/europepmc/webservices/rest/PMC6420802/supplementaryFiles,dbe27bbd31c9de335dcacca5bc6ae8a3e14d117c443048efb7449ab8453d09ba,2014-07-19,,,,,,,,0.22 um filtered river water,water_river,dataset_constant,,"Zhujiang (Pearl River), China / T-NPR / High flow season","Zhujiang (Pearl River), China",,,,,,,,river,dissolved,filtered_<0.22um,,,,,,,,,,,not_reported,dataset,article_documented_dataset_constant,,ICP-MS (PerkinElmer Elan DRC-e),,,,,doi:10.7717/peerj.6578#materials-and-methods,,,,,,"[""Zhen et al. (2019). Geochemical characteristics of dissolved heavy metals in Zhujiang River, Southwest China: Spatial-temporal distribution, source, export flux estimation, and a water quality assessment. PeerJ 7:e6578. https://doi.org/10.7717/peerj.6578""]",dataset,dataset_metadata,,resolved,,public_download,permitted_research,https://creativecommons.org/licenses/by/4.0/,dataset,true,not_evaluated_for_project_output,2026-08-23T00:00:00Z
rec-78e5f3af05832fd2f5b9c018955f2a12bcddc3200b69b3007149e5fb1e93fee5,src-ad9f33a5073768bd8792f309593a1b8d93fad1fdd62d177ed27edd5d091b5da9,8|2014-07-19,Cu,Cu,29.018496391484049,ug/L,water,0.22 um filtered river water,dissolved_filtered_river_water_mass_per_volume,,,,,24.2296333333,103.396733333,,,,,,,ICP-MS (PerkinElmer Elan DRC-e),icp_ms,0.22 um filtration; HNO3 acidification to pH < 2,,CC-BY-4.0,peer_reviewed_open_data,europe-pmc-pearl-river-dissolved-metals,"Geochemical characteristics of dissolved heavy metals in Zhujiang River, Southwest China",10.7717/peerj.6578,peerj-7-e6578-supplement-s004,peerj-07-6578-s004.xlsx,11,peerj-07-6578-s004.xlsx#sheet1-row=11,https://www.ebi.ac.uk/europepmc/webservices/rest/PMC6420802/supplementaryFiles,dbe27bbd31c9de335dcacca5bc6ae8a3e14d117c443048efb7449ab8453d09ba,2014-07-19,,,,,,,,0.22 um filtered river water,water_river,dataset_constant,,"Zhujiang (Pearl River), China / T-NPR / High flow season","Zhujiang (Pearl River), China",,,,,,,,river,dissolved,filtered_<0.22um,,,,,,,,,,,not_reported,dataset,article_documented_dataset_constant,,ICP-MS (PerkinElmer Elan DRC-e),,,,,doi:10.7717/peerj.6578#materials-and-methods,,,,,,"[""Zhen et al. (2019). Geochemical characteristics of dissolved heavy metals in Zhujiang River, Southwest China: Spatial-temporal distribution, source, export flux estimation, and a water quality assessment. PeerJ 7:e6578. https://doi.org/10.7717/peerj.6578""]",dataset,dataset_metadata,,resolved,,public_download,permitted_research,https://creativecommons.org/licenses/by/4.0/,dataset,true,not_evaluated_for_project_output,2026-08-23T00:00:00Z
rec-4c4f88ba85e6c5a50be68032206cf1d8d95b1aa683ba38d8f92f84c3fcea2c7e,src-ad9f33a5073768bd8792f309593a1b8d93fad1fdd62d177ed27edd5d091b5da9,8|2014-07-19,Ni,Ni,49.032132809237552,ug/L,water,0.22 um filtered river water,dissolved_filtered_river_water_mass_per_volume,,,,,24.2296333333,103.396733333,,,,,,,ICP-MS (PerkinElmer Elan DRC-e),icp_ms,0.22 um filtration; HNO3 acidification to pH < 2,,CC-BY-4.0,peer_reviewed_open_data,europe-pmc-pearl-river-dissolved-metals,"Geochemical characteristics of dissolved heavy metals in Zhujiang River, Southwest China",10.7717/peerj.6578,peerj-7-e6578-supplement-s004,peerj-07-6578-s004.xlsx,11,peerj-07-6578-s004.xlsx#sheet1-row=11,https://www.ebi.ac.uk/europepmc/webservices/rest/PMC6420802/supplementaryFiles,dbe27bbd31c9de335dcacca5bc6ae8a3e14d117c443048efb7449ab8453d09ba,2014-07-19,,,,,,,,0.22 um filtered river water,water_river,dataset_constant,,"Zhujiang (Pearl River), China / T-NPR / High flow season","Zhujiang (Pearl River), China",,,,,,,,river,dissolved,filtered_<0.22um,,,,,,,,,,,not_reported,dataset,article_documented_dataset_constant,,ICP-MS (PerkinElmer Elan DRC-e),,,,,doi:10.7717/peerj.6578#materials-and-methods,,,,,,"[""Zhen et al. (2019). Geochemical characteristics of dissolved heavy metals in Zhujiang River, Southwest China: Spatial-temporal distribution, source, export flux estimation, and a water quality assessment. PeerJ 7:e6578. https://doi.org/10.7717/peerj.6578""]",dataset,dataset_metadata,,resolved,,public_download,permitted_research,https://creativecommons.org/licenses/by/4.0/,dataset,true,not_evaluated_for_project_output,2026-08-23T00:00:00Z
rec-22bf14ed7c627e965bd46a5c7ce7d4658f2ab124f867fc864b4a1b75dedcb293,src-ad9f33a5073768bd8792f309593a1b8d93fad1fdd62d177ed27edd5d091b5da9,8|2014-07-19,Pb,Pb,4.8951553005114973E-2,ug/L,water,0.22 um filtered river water,dissolved_filtered_river_water_mass_per_volume,,,,,24.2296333333,103.396733333,,,,,,,ICP-MS (PerkinElmer Elan DRC-e),icp_ms,0.22 um filtration; HNO3 acidification to pH < 2,,CC-BY-4.0,peer_reviewed_open_data,europe-pmc-pearl-river-dissolved-metals,"Geochemical characteristics of dissolved heavy metals in Zhujiang River, Southwest China",10.7717/peerj.6578,peerj-7-e6578-supplement-s004,peerj-07-6578-s004.xlsx,11,peerj-07-6578-s004.xlsx#sheet1-row=11,https://www.ebi.ac.uk/europepmc/webservices/rest/PMC6420802/supplementaryFiles,dbe27bbd31c9de335dcacca5bc6ae8a3e14d117c443048efb7449ab8453d09ba,2014-07-19,,,,,,,,0.22 um filtered river water,water_river,dataset_constant,,"Zhujiang (Pearl River), China / T-NPR / High flow season","Zhujiang (Pearl River), China",,,,,,,,river,dissolved,filtered_<0.22um,,,,,,,,,,,not_reported,dataset,article_documented_dataset_constant,,ICP-MS (PerkinElmer Elan DRC-e),,,,,doi:10.7717/peerj.6578#materials-and-methods,,,,,,"[""Zhen et al. (2019). Geochemical characteristics of dissolved heavy metals in Zhujiang River, Southwest China: Spatial-temporal distribution, source, export flux estimation, and a water quality assessment. PeerJ 7:e6578. https://doi.org/10.7717/peerj.6578""]",dataset,dataset_metadata,,resolved,,public_download,permitted_research,https://creativecommons.org/licenses/by/4.0/,dataset,true,not_evaluated_for_project_output,2026-08-23T00:00:00Z
rec-fe303d001a0202966fb1d21b1e106e9dff36205871ba59798d4b1ace78cbfc03,src-467738086e4ef2869df700cb087971fd4cafe0bf5d68d7d5df7238bfcd0e98d2,9|2014-07-20,Cr,Cr,10.85443920473163,ug/L,water,0.22 um filtered river water,dissolved_filtered_river_water_mass_per_volume,,,,,24.6542833333,104.479833333,,,,,,,ICP-MS (PerkinElmer Elan DRC-e),icp_ms,0.22 um filtration; HNO3 acidification to pH < 2,,CC-BY-4.0,peer_reviewed_open_data,europe-pmc-pearl-river-dissolved-metals,"Geochemical characteristics of dissolved heavy metals in Zhujiang River, Southwest China",10.7717/peerj.6578,peerj-7-e6578-supplement-s004,peerj-07-6578-s004.xlsx,12,peerj-07-6578-s004.xlsx#sheet1-row=12,https://www.ebi.ac.uk/europepmc/webservices/rest/PMC6420802/supplementaryFiles,dbe27bbd31c9de335dcacca5bc6ae8a3e14d117c443048efb7449ab8453d09ba,2014-07-20,,,,,,,,0.22 um filtered river water,water_river,dataset_constant,,"Zhujiang (Pearl River), China / T-NPR / High flow season","Zhujiang (Pearl River), China",,,,,,,,river,dissolved,filtered_<0.22um,,,,,,,,,,,not_reported,dataset,article_documented_dataset_constant,,ICP-MS (PerkinElmer Elan DRC-e),,,,,doi:10.7717/peerj.6578#materials-and-methods,,,,,,"[""Zhen et al. (2019). Geochemical characteristics of dissolved heavy metals in Zhujiang River, Southwest China: Spatial-temporal distribution, source, export flux estimation, and a water quality assessment. PeerJ 7:e6578. https://doi.org/10.7717/peerj.6578""]",dataset,dataset_metadata,,resolved,,public_download,permitted_research,https://creativecommons.org/licenses/by/4.0/,dataset,true,not_evaluated_for_project_output,2026-08-23T00:00:00Z
rec-f2cfe96cb61b082e59e28cda76f85f377c6e95dbaaefb491bcf419c4d352dbfd,src-467738086e4ef2869df700cb087971fd4cafe0bf5d68d7d5df7238bfcd0e98d2,9|2014-07-20,Cu,Cu,1.1651216389553136,ug/L,water,0.22 um filtered river water,dissolved_filtered_river_water_mass_per_volume,,,,,24.6542833333,104.479833333,,,,,,,ICP-MS (PerkinElmer Elan DRC-e),icp_ms,0.22 um filtration; HNO3 acidification to pH < 2,,CC-BY-4.0,peer_reviewed_open_data,europe-pmc-pearl-river-dissolved-metals,"Geochemical characteristics of dissolved heavy metals in Zhujiang River, Southwest China",10.7717/peerj.6578,peerj-7-e6578-supplement-s004,peerj-07-6578-s004.xlsx,12,peerj-07-6578-s004.xlsx#sheet1-row=12,https://www.ebi.ac.uk/europepmc/webservices/rest/PMC6420802/supplementaryFiles,dbe27bbd31c9de335dcacca5bc6ae8a3e14d117c443048efb7449ab8453d09ba,2014-07-20,,,,,,,,0.22 um filtered river water,water_river,dataset_constant,,"Zhujiang (Pearl River), China / T-NPR / High flow season","Zhujiang (Pearl River), China",,,,,,,,river,dissolved,filtered_<0.22um,,,,,,,,,,,not_reported,dataset,article_documented_dataset_constant,,ICP-MS (PerkinElmer Elan DRC-e),,,,,doi:10.7717/peerj.6578#materials-and-methods,,,,,,"[""Zhen et al. (2019). Geochemical characteristics of dissolved heavy metals in Zhujiang River, Southwest China: Spatial-temporal distribution, source, export flux estimation, and a water quality assessment. PeerJ 7:e6578. https://doi.org/10.7717/peerj.6578""]",dataset,dataset_metadata,,resolved,,public_download,permitted_research,https://creativecommons.org/licenses/by/4.0/,dataset,true,not_evaluated_for_project_output,2026-08-23T00:00:00Z
rec-bb4d88c009f305dfd644c83b3cd5b248314a20cce885d5d8f5d1e1c37c44d135,src-467738086e4ef2869df700cb087971fd4cafe0bf5d68d7d5df7238bfcd0e98d2,9|2014-07-20,Ni,Ni,2.3837424809796897,ug/L,water,0.22 um filtered river water,dissolved_filtered_river_water_mass_per_volume,,,,,24.6542833333,104.479833333,,,,,,,ICP-MS (PerkinElmer Elan DRC-e),icp_ms,0.22 um filtration; HNO3 acidification to pH < 2,,CC-BY-4.0,peer_reviewed_open_data,europe-pmc-pearl-river-dissolved-metals,"Geochemical characteristics of dissolved heavy metals in Zhujiang River, Southwest China",10.7717/peerj.6578,peerj-7-e6578-supplement-s004,peerj-07-6578-s004.xlsx,12,peerj-07-6578-s004.xlsx#sheet1-row=12,https://www.ebi.ac.uk/europepmc/webservices/rest/PMC6420802/supplementaryFiles,dbe27bbd31c9de335dcacca5bc6ae8a3e14d117c443048efb7449ab8453d09ba,2014-07-20,,,,,,,,0.22 um filtered river water,water_river,dataset_constant,,"Zhujiang (Pearl River), China / T-NPR / High flow season","Zhujiang (Pearl River), China",,,,,,,,river,dissolved,filtered_<0.22um,,,,,,,,,,,not_reported,dataset,article_documented_dataset_constant,,ICP-MS (PerkinElmer Elan DRC-e),,,,,doi:10.7717/peerj.6578#materials-and-methods,,,,,,"[""Zhen et al. (2019). Geochemical characteristics of dissolved heavy metals in Zhujiang River, Southwest China: Spatial-temporal distribution, source, export flux estimation, and a water quality assessment. PeerJ 7:e6578. https://doi.org/10.7717/peerj.6578""]",dataset,dataset_metadata,,resolved,,public_download,permitted_research,https://creativecommons.org/licenses/by/4.0/,dataset,true,not_evaluated_for_project_output,2026-08-23T00:00:00Z
rec-5baf4029e841f6ac9576482feefcde02b02b9b0729807a0fa5e48fffc321d6f2,src-467738086e4ef2869df700cb087971fd4cafe0bf5d68d7d5df7238bfcd0e98d2,9|2014-07-20,Pb,Pb,3.7133648122662059E-2,ug/L,water,0.22 um filtered river water,dissolved_filtered_river_water_mass_per_volume,,,,,24.6542833333,104.479833333,,,,,,,ICP-MS (PerkinElmer Elan DRC-e),icp_ms,0.22 um filtration; HNO3 acidification to pH < 2,,CC-BY-4.0,peer_reviewed_open_data,europe-pmc-pearl-river-dissolved-metals,"Geochemical characteristics of dissolved heavy metals in Zhujiang River, Southwest China",10.7717/peerj.6578,peerj-7-e6578-supplement-s004,peerj-07-6578-s004.xlsx,12,peerj-07-6578-s004.xlsx#sheet1-row=12,https://www.ebi.ac.uk/europepmc/webservices/rest/PMC6420802/supplementaryFiles,dbe27bbd31c9de335dcacca5bc6ae8a3e14d117c443048efb7449ab8453d09ba,2014-07-20,,,,,,,,0.22 um filtered river water,water_river,dataset_constant,,"Zhujiang (Pearl River), China / T-NPR / High flow season","Zhujiang (Pearl River), China",,,,,,,,river,dissolved,filtered_<0.22um,,,,,,,,,,,not_reported,dataset,article_documented_dataset_constant,,ICP-MS (PerkinElmer Elan DRC-e),,,,,doi:10.7717/peerj.6578#materials-and-methods,,,,,,"[""Zhen et al. (2019). Geochemical characteristics of dissolved heavy metals in Zhujiang River, Southwest China: Spatial-temporal distribution, source, export flux estimation, and a water quality assessment. PeerJ 7:e6578. https://doi.org/10.7717/peerj.6578""]",dataset,dataset_metadata,,resolved,,public_download,permitted_research,https://creativecommons.org/licenses/by/4.0/,dataset,true,not_evaluated_for_project_output,2026-08-23T00:00:00Z
rec-494fb5110417ad39fdc2898fd704a37ea49f5573969a8d4adfd94404d63da701,src-8272270ba14de70141cfa6f535341c353b9c7245617b4c9e9093904ca025de71,10|2014-07-20,Cr,Cr,10.854651507555765,ug/L,water,0.22 um filtered river water,dissolved_filtered_river_water_mass_per_volume,,,,,24.6548833333,104.478866667,,,,,,,ICP-MS (PerkinElmer Elan DRC-e),icp_ms,0.22 um filtration; HNO3 acidification to pH < 2,,CC-BY-4.0,peer_reviewed_open_data,europe-pmc-pearl-river-dissolved-metals,"Geochemical characteristics of dissolved heavy metals in Zhujiang River, Southwest China",10.7717/peerj.6578,peerj-7-e6578-supplement-s004,peerj-07-6578-s004.xlsx,13,peerj-07-6578-s004.xlsx#sheet1-row=13,https://www.ebi.ac.uk/europepmc/webservices/rest/PMC6420802/supplementaryFiles,dbe27bbd31c9de335dcacca5bc6ae8a3e14d117c443048efb7449ab8453d09ba,2014-07-20,,,,,,,,0.22 um filtered river water,water_river,dataset_constant,,"Zhujiang (Pearl River), China / NPR / High flow season","Zhujiang (Pearl River), China",,,,,,,,river,dissolved,filtered_<0.22um,,,,,,,,,,,not_reported,dataset,article_documented_dataset_constant,,ICP-MS (PerkinElmer Elan DRC-e),,,,,doi:10.7717/peerj.6578#materials-and-methods,,,,,,"[""Zhen et al. (2019). Geochemical characteristics of dissolved heavy metals in Zhujiang River, Southwest China: Spatial-temporal distribution, source, export flux estimation, and a water quality assessment. PeerJ 7:e6578. https://doi.org/10.7717/peerj.6578""]",dataset,dataset_metadata,,resolved,,public_download,permitted_research,https://creativecommons.org/licenses/by/4.0/,dataset,true,not_evaluated_for_project_output,2026-08-23T00:00:00Z
rec-4d08886e508168b6fd38ed596b08b6bb2f2204b1b0aa3b2939fe3463b93bb9f8,src-8272270ba14de70141cfa6f535341c353b9c7245617b4c9e9093904ca025de71,10|2014-07-20,Cu,Cu,1.8072299726067607,ug/L,water,0.22 um filtered river water,dissolved_filtered_river_water_mass_per_volume,,,,,24.6548833333,104.478866667,,,,,,,ICP-MS (PerkinElmer Elan DRC-e),icp_ms,0.22 um filtration; HNO3 acidification to pH < 2,,CC-BY-4.0,peer_reviewed_open_data,europe-pmc-pearl-river-dissolved-metals,"Geochemical characteristics of dissolved heavy metals in Zhujiang River, Southwest China",10.7717/peerj.6578,peerj-7-e6578-supplement-s004,peerj-07-6578-s004.xlsx,13,peerj-07-6578-s004.xlsx#sheet1-row=13,https://www.ebi.ac.uk/europepmc/webservices/rest/PMC6420802/supplementaryFiles,dbe27bbd31c9de335dcacca5bc6ae8a3e14d117c443048efb7449ab8453d09ba,2014-07-20,,,,,,,,0.22 um filtered river water,water_river,dataset_constant,,"Zhujiang (Pearl River), China / NPR / High flow season","Zhujiang (Pearl River), China",,,,,,,,river,dissolved,filtered_<0.22um,,,,,,,,,,,not_reported,dataset,article_documented_dataset_constant,,ICP-MS (PerkinElmer Elan DRC-e),,,,,doi:10.7717/peerj.6578#materials-and-methods,,,,,,"[""Zhen et al. (2019). Geochemical characteristics of dissolved heavy metals in Zhujiang River, Southwest China: Spatial-temporal distribution, source, export flux estimation, and a water quality assessment. PeerJ 7:e6578. https://doi.org/10.7717/peerj.6578""]",dataset,dataset_metadata,,resolved,,public_download,permitted_research,https://creativecommons.org/licenses/by/4.0/,dataset,true,not_evaluated_for_project_output,2026-08-23T00:00:00Z
rec-d073ae47f9c046171ac833d9544c4fb6b942620acf1ad258fd45252a4d09202a,src-8272270ba14de70141cfa6f535341c353b9c7245617b4c9e9093904ca025de71,10|2014-07-20,Ni,Ni,2.3090513738593614,ug/L,water,0.22 um filtered river water,dissolved_filtered_river_water_mass_per_volume,,,,,24.6548833333,104.478866667,,,,,,,ICP-MS (PerkinElmer Elan DRC-e),icp_ms,0.22 um filtration; HNO3 acidification to pH < 2,,CC-BY-4.0,peer_reviewed_open_data,europe-pmc-pearl-river-dissolved-metals,"Geochemical characteristics of dissolved heavy metals in Zhujiang River, Southwest China",10.7717/peerj.6578,peerj-7-e6578-supplement-s004,peerj-07-6578-s004.xlsx,13,peerj-07-6578-s004.xlsx#sheet1-row=13,https://www.ebi.ac.uk/europepmc/webservices/rest/PMC6420802/supplementaryFiles,dbe27bbd31c9de335dcacca5bc6ae8a3e14d117c443048efb7449ab8453d09ba,2014-07-20,,,,,,,,0.22 um filtered river water,water_river,dataset_constant,,"Zhujiang (Pearl River), China / NPR / High flow season","Zhujiang (Pearl River), China",,,,,,,,river,dissolved,filtered_<0.22um,,,,,,,,,,,not_reported,dataset,article_documented_dataset_constant,,ICP-MS (PerkinElmer Elan DRC-e),,,,,doi:10.7717/peerj.6578#materials-and-methods,,,,,,"[""Zhen et al. (2019). Geochemical characteristics of dissolved heavy metals in Zhujiang River, Southwest China: Spatial-temporal distribution, source, export flux estimation, and a water quality assessment. PeerJ 7:e6578. https://doi.org/10.7717/peerj.6578""]",dataset,dataset_metadata,,resolved,,public_download,permitted_research,https://creativecommons.org/licenses/by/4.0/,dataset,true,not_evaluated_for_project_output,2026-08-23T00:00:00Z
rec-e4918a65f520339adc01cedf9e30293987c4b9ecce3eadfca8a93c8d1853ccb8,src-8272270ba14de70141cfa6f535341c353b9c7245617b4c9e9093904ca025de71,10|2014-07-20,Pb,Pb,3.6413694645653007E-2,ug/L,water,0.22 um filtered river water,dissolved_filtered_river_water_mass_per_volume,,,,,24.6548833333,104.478866667,,,,,,,ICP-MS (PerkinElmer Elan DRC-e),icp_ms,0.22 um filtration; HNO3 acidification to pH < 2,,CC-BY-4.0,peer_reviewed_open_data,europe-pmc-pearl-river-dissolved-metals,"Geochemical characteristics of dissolved heavy metals in Zhujiang River, Southwest China",10.7717/peerj.6578,peerj-7-e6578-supplement-s004,peerj-07-6578-s004.xlsx,13,peerj-07-6578-s004.xlsx#sheet1-row=13,https://www.ebi.ac.uk/europepmc/webservices/rest/PMC6420802/supplementaryFiles,dbe27bbd31c9de335dcacca5bc6ae8a3e14d117c443048efb7449ab8453d09ba,2014-07-20,,,,,,,,0.22 um filtered river water,water_river,dataset_constant,,"Zhujiang (Pearl River), China / NPR / High flow season","Zhujiang (Pearl River), China",,,,,,,,river,dissolved,filtered_<0.22um,,,,,,,,,,,not_reported,dataset,article_documented_dataset_constant,,ICP-MS (PerkinElmer Elan DRC-e),,,,,doi:10.7717/peerj.6578#materials-and-methods,,,,,,"[""Zhen et al. (2019). Geochemical characteristics of dissolved heavy metals in Zhujiang River, Southwest China: Spatial-temporal distribution, source, export flux estimation, and a water quality assessment. PeerJ 7:e6578. https://doi.org/10.7717/peerj.6578""]",dataset,dataset_metadata,,resolved,,public_download,permitted_research,https://creativecommons.org/licenses/by/4.0/,dataset,true,not_evaluated_for_project_output,2026-08-23T00:00:00Z
rec-fa32ac52aa6d4fdf1d02fc51311930ff82416ff085040ee52f9c02e858b21f92,src-af44b20914aaebe3039f8d68e168e0bec6ccd41de6640059ea6271d411c4db0a,11|2014-07-20,Cr,Cr,9.5421648745798606,ug/L,water,0.22 um filtered river water,dissolved_filtered_river_water_mass_per_volume,,,,,24.7754,104.53755,,,,,,,ICP-MS (PerkinElmer Elan DRC-e),icp_ms,0.22 um filtration; HNO3 acidification to pH < 2,,CC-BY-4.0,peer_reviewed_open_data,europe-pmc-pearl-river-dissolved-metals,"Geochemical characteristics of dissolved heavy metals in Zhujiang River, Southwest China",10.7717/peerj.6578,peerj-7-e6578-supplement-s004,peerj-07-6578-s004.xlsx,14,peerj-07-6578-s004.xlsx#sheet1-row=14,https://www.ebi.ac.uk/europepmc/webservices/rest/PMC6420802/supplementaryFiles,dbe27bbd31c9de335dcacca5bc6ae8a3e14d117c443048efb7449ab8453d09ba,2014-07-20,,,,,,,,0.22 um filtered river water,water_river,dataset_constant,,"Zhujiang (Pearl River), China / T-NPR / High flow season","Zhujiang (Pearl River), China",,,,,,,,river,dissolved,filtered_<0.22um,,,,,,,,,,,not_reported,dataset,article_documented_dataset_constant,,ICP-MS (PerkinElmer Elan DRC-e),,,,,doi:10.7717/peerj.6578#materials-and-methods,,,,,,"[""Zhen et al. (2019). Geochemical characteristics of dissolved heavy metals in Zhujiang River, Southwest China: Spatial-temporal distribution, source, export flux estimation, and a water quality assessment. PeerJ 7:e6578. https://doi.org/10.7717/peerj.6578""]",dataset,dataset_metadata,,resolved,,public_download,permitted_research,https://creativecommons.org/licenses/by/4.0/,dataset,true,not_evaluated_for_project_output,2026-08-23T00:00:00Z
rec-a291681fda6008f554d6f76c33e8b0febb7da026cd5f3ee76651f1769cb3397a,src-af44b20914aaebe3039f8d68e168e0bec6ccd41de6640059ea6271d411c4db0a,11|2014-07-20,Cu,Cu,5.2859034409864432,ug/L,water,0.22 um filtered river water,dissolved_filtered_river_water_mass_per_volume,,,,,24.7754,104.53755,,,,,,,ICP-MS (PerkinElmer Elan DRC-e),icp_ms,0.22 um filtration; HNO3 acidification to pH < 2,,CC-BY-4.0,peer_reviewed_open_data,europe-pmc-pearl-river-dissolved-metals,"Geochemical characteristics of dissolved heavy metals in Zhujiang River, Southwest China",10.7717/peerj.6578,peerj-7-e6578-supplement-s004,peerj-07-6578-s004.xlsx,14,peerj-07-6578-s004.xlsx#sheet1-row=14,https://www.ebi.ac.uk/europepmc/webservices/rest/PMC6420802/supplementaryFiles,dbe27bbd31c9de335dcacca5bc6ae8a3e14d117c443048efb7449ab8453d09ba,2014-07-20,,,,,,,,0.22 um filtered river water,water_river,dataset_constant,,"Zhujiang (Pearl River), China / T-NPR / High flow season","Zhujiang (Pearl River), China",,,,,,,,river,dissolved,filtered_<0.22um,,,,,,,,,,,not_reported,dataset,article_documented_dataset_constant,,ICP-MS (PerkinElmer Elan DRC-e),,,,,doi:10.7717/peerj.6578#materials-and-methods,,,,,,"[""Zhen et al. (2019). Geochemical characteristics of dissolved heavy metals in Zhujiang River, Southwest China: Spatial-temporal distribution, source, export flux estimation, and a water quality assessment. PeerJ 7:e6578. https://doi.org/10.7717/peerj.6578""]",dataset,dataset_metadata,,resolved,,public_download,permitted_research,https://creativecommons.org/licenses/by/4.0/,dataset,true,not_evaluated_for_project_output,2026-08-23T00:00:00Z
rec-da99f6aa33f475c4db019eeaa5be3c4c1010af2208fc2d71c61d98e1d1b9cdd5,src-af44b20914aaebe3039f8d68e168e0bec6ccd41de6640059ea6271d411c4db0a,11|2014-07-20,Ni,Ni,7.6813207200361475,ug/L,water,0.22 um filtered river water,dissolved_filtered_river_water_mass_per_volume,,,,,24.7754,104.53755,,,,,,,ICP-MS (PerkinElmer Elan DRC-e),icp_ms,0.22 um filtration; HNO3 acidification to pH < 2,,CC-BY-4.0,peer_reviewed_open_data,europe-pmc-pearl-river-dissolved-metals,"Geochemical characteristics of dissolved heavy metals in Zhujiang River, Southwest China",10.7717/peerj.6578,peerj-7-e6578-supplement-s004,peerj-07-6578-s004.xlsx,14,peerj-07-6578-s004.xlsx#sheet1-row=14,https://www.ebi.ac.uk/europepmc/webservices/rest/PMC6420802/supplementaryFiles,dbe27bbd31c9de335dcacca5bc6ae8a3e14d117c443048efb7449ab8453d09ba,2014-07-20,,,,,,,,0.22 um filtered river water,water_river,dataset_constant,,"Zhujiang (Pearl River), China / T-NPR / High flow season","Zhujiang (Pearl River), China",,,,,,,,river,dissolved,filtered_<0.22um,,,,,,,,,,,not_reported,dataset,article_documented_dataset_constant,,ICP-MS (PerkinElmer Elan DRC-e),,,,,doi:10.7717/peerj.6578#materials-and-methods,,,,,,"[""Zhen et al. (2019). Geochemical characteristics of dissolved heavy metals in Zhujiang River, Southwest China: Spatial-temporal distribution, source, export flux estimation, and a water quality assessment. PeerJ 7:e6578. https://doi.org/10.7717/peerj.6578""]",dataset,dataset_metadata,,resolved,,public_download,permitted_research,https://creativecommons.org/licenses/by/4.0/,dataset,true,not_evaluated_for_project_output,2026-08-23T00:00:00Z
rec-8604d943bd5f94d270a65cdcdee430717fb50af9b912de6f15473557e86a1b2f,src-af44b20914aaebe3039f8d68e168e0bec6ccd41de6640059ea6271d411c4db0a,11|2014-07-20,Pb,Pb,3.8610197912337239E-2,ug/L,water,0.22 um filtered river water,dissolved_filtered_river_water_mass_per_volume,,,,,24.7754,104.53755,,,,,,,ICP-MS (PerkinElmer Elan DRC-e),icp_ms,0.22 um filtration; HNO3 acidification to pH < 2,,CC-BY-4.0,peer_reviewed_open_data,europe-pmc-pearl-river-dissolved-metals,"Geochemical characteristics of dissolved heavy metals in Zhujiang River, Southwest China",10.7717/peerj.6578,peerj-7-e6578-supplement-s004,peerj-07-6578-s004.xlsx,14,peerj-07-6578-s004.xlsx#sheet1-row=14,https://www.ebi.ac.uk/europepmc/webservices/rest/PMC6420802/supplementaryFiles,dbe27bbd31c9de335dcacca5bc6ae8a3e14d117c443048efb7449ab8453d09ba,2014-07-20,,,,,,,,0.22 um filtered river water,water_river,dataset_constant,,"Zhujiang (Pearl River), China / T-NPR / High flow season","Zhujiang (Pearl River), China",,,,,,,,river,dissolved,filtered_<0.22um,,,,,,,,,,,not_reported,dataset,article_documented_dataset_constant,,ICP-MS (PerkinElmer Elan DRC-e),,,,,doi:10.7717/peerj.6578#materials-and-methods,,,,,,"[""Zhen et al. (2019). Geochemical characteristics of dissolved heavy metals in Zhujiang River, Southwest China: Spatial-temporal distribution, source, export flux estimation, and a water quality assessment. PeerJ 7:e6578. https://doi.org/10.7717/peerj.6578""]",dataset,dataset_metadata,,resolved,,public_download,permitted_research,https://creativecommons.org/licenses/by/4.0/,dataset,true,not_evaluated_for_project_output,2026-08-23T00:00:00Z
rec-c0ef9dff455a98f78b1cd9318116f3fe28744919bc9375bd8861ab4ce3498501,src-cd94278b26e3b31a7b0c59b16a8c2bb41e729cd017e7363ee73d8a5847505556,12|2014-07-21,Cr,Cr,6.4033373079733922,ug/L,water,0.22 um filtered river water,dissolved_filtered_river_water_mass_per_volume,,,,,25.19345,104.91105,,,,,,,ICP-MS (PerkinElmer Elan DRC-e),icp_ms,0.22 um filtration; HNO3 acidification to pH < 2,,CC-BY-4.0,peer_reviewed_open_data,europe-pmc-pearl-river-dissolved-metals,"Geochemical characteristics of dissolved heavy metals in Zhujiang River, Southwest China",10.7717/peerj.6578,peerj-7-e6578-supplement-s004,peerj-07-6578-s004.xlsx,15,peerj-07-6578-s004.xlsx#sheet1-row=15,https://www.ebi.ac.uk/europepmc/webservices/rest/PMC6420802/supplementaryFiles,dbe27bbd31c9de335dcacca5bc6ae8a3e14d117c443048efb7449ab8453d09ba,2014-07-21,,,,,,,,0.22 um filtered river water,water_river,dataset_constant,,"Zhujiang (Pearl River), China / T-NPR / High flow season","Zhujiang (Pearl River), China",,,,,,,,river,dissolved,filtered_<0.22um,,,,,,,,,,,not_reported,dataset,article_documented_dataset_constant,,ICP-MS (PerkinElmer Elan DRC-e),,,,,doi:10.7717/peerj.6578#materials-and-methods,,,,,,"[""Zhen et al. (2019). Geochemical characteristics of dissolved heavy metals in Zhujiang River, Southwest China: Spatial-temporal distribution, source, export flux estimation, and a water quality assessment. PeerJ 7:e6578. https://doi.org/10.7717/peerj.6578""]",dataset,dataset_metadata,,resolved,,public_download,permitted_research,https://creativecommons.org/licenses/by/4.0/,dataset,true,not_evaluated_for_project_output,2026-08-23T00:00:00Z
rec-18e6afdf9840dc96c52db68f7c473e0f32b3559d10bb0c46b1985b29b961069a,src-cd94278b26e3b31a7b0c59b16a8c2bb41e729cd017e7363ee73d8a5847505556,12|2014-07-21,Cu,Cu,0.86868367520517964,ug/L,water,0.22 um filtered river water,dissolved_filtered_river_water_mass_per_volume,,,,,25.19345,104.91105,,,,,,,ICP-MS (PerkinElmer Elan DRC-e),icp_ms,0.22 um filtration; HNO3 acidification to pH < 2,,CC-BY-4.0,peer_reviewed_open_data,europe-pmc-pearl-river-dissolved-metals,"Geochemical characteristics of dissolved heavy metals in Zhujiang River, Southwest China",10.7717/peerj.6578,peerj-7-e6578-supplement-s004,peerj-07-6578-s004.xlsx,15,peerj-07-6578-s004.xlsx#sheet1-row=15,https://www.ebi.ac.uk/europepmc/webservices/rest/PMC6420802/supplementaryFiles,dbe27bbd31c9de335dcacca5bc6ae8a3e14d117c443048efb7449ab8453d09ba,2014-07-21,,,,,,,,0.22 um filtered river water,water_river,dataset_constant,,"Zhujiang (Pearl River), China / T-NPR / High flow season","Zhujiang (Pearl River), China",,,,,,,,river,dissolved,filtered_<0.22um,,,,,,,,,,,not_reported,dataset,article_documented_dataset_constant,,ICP-MS (PerkinElmer Elan DRC-e),,,,,doi:10.7717/peerj.6578#materials-and-methods,,,,,,"[""Zhen et al. (2019). Geochemical characteristics of dissolved heavy metals in Zhujiang River, Southwest China: Spatial-temporal distribution, source, export flux estimation, and a water quality assessment. PeerJ 7:e6578. https://doi.org/10.7717/peerj.6578""]",dataset,dataset_metadata,,resolved,,public_download,permitted_research,https://creativecommons.org/licenses/by/4.0/,dataset,true,not_evaluated_for_project_output,2026-08-23T00:00:00Z
rec-627e888db473756001d369fb6bb7c17675ce3ad32ea00e1a469ce3764d14ede2,src-cd94278b26e3b31a7b0c59b16a8c2bb41e729cd017e7363ee73d8a5847505556,12|2014-07-21,Ni,Ni,3.8491730696442774,ug/L,water,0.22 um filtered river water,dissolved_filtered_river_water_mass_per_volume,,,,,25.19345,104.91105,,,,,,,ICP-MS (PerkinElmer Elan DRC-e),icp_ms,0.22 um filtration; HNO3 acidification to pH < 2,,CC-BY-4.0,peer_reviewed_open_data,europe-pmc-pearl-river-dissolved-metals,"Geochemical characteristics of dissolved heavy metals in Zhujiang River, Southwest China",10.7717/peerj.6578,peerj-7-e6578-supplement-s004,peerj-07-6578-s004.xlsx,15,peerj-07-6578-s004.xlsx#sheet1-row=15,https://www.ebi.ac.uk/europepmc/webservices/rest/PMC6420802/supplementaryFiles,dbe27bbd31c9de335dcacca5bc6ae8a3e14d117c443048efb7449ab8453d09ba,2014-07-21,,,,,,,,0.22 um filtered river water,water_river,dataset_constant,,"Zhujiang (Pearl River), China / T-NPR / High flow season","Zhujiang (Pearl River), China",,,,,,,,river,dissolved,filtered_<0.22um,,,,,,,,,,,not_reported,dataset,article_documented_dataset_constant,,ICP-MS (PerkinElmer Elan DRC-e),,,,,doi:10.7717/peerj.6578#materials-and-methods,,,,,,"[""Zhen et al. (2019). Geochemical characteristics of dissolved heavy metals in Zhujiang River, Southwest China: Spatial-temporal distribution, source, export flux estimation, and a water quality assessment. PeerJ 7:e6578. https://doi.org/10.7717/peerj.6578""]",dataset,dataset_metadata,,resolved,,public_download,permitted_research,https://creativecommons.org/licenses/by/4.0/,dataset,true,not_evaluated_for_project_output,2026-08-23T00:00:00Z
rec-33f773048f819cd6930208f09e4987435ff9b0433978a138b1cd97d2b14e6d28,src-cd94278b26e3b31a7b0c59b16a8c2bb41e729cd017e7363ee73d8a5847505556,12|2014-07-21,Pb,Pb,6.8400948513969939E-2,ug/L,water,0.22 um filtered river water,dissolved_filtered_river_water_mass_per_volume,,,,,25.19345,104.91105,,,,,,,ICP-MS (PerkinElmer Elan DRC-e),icp_ms,0.22 um filtration; HNO3 acidification to pH < 2,,CC-BY-4.0,peer_reviewed_open_data,europe-pmc-pearl-river-dissolved-metals,"Geochemical characteristics of dissolved heavy metals in Zhujiang River, Southwest China",10.7717/peerj.6578,peerj-7-e6578-supplement-s004,peerj-07-6578-s004.xlsx,15,peerj-07-6578-s004.xlsx#sheet1-row=15,https://www.ebi.ac.uk/europepmc/webservices/rest/PMC6420802/supplementaryFiles,dbe27bbd31c9de335dcacca5bc6ae8a3e14d117c443048efb7449ab8453d09ba,2014-07-21,,,,,,,,0.22 um filtered river water,water_river,dataset_constant,,"Zhujiang (Pearl River), China / T-NPR / High flow season","Zhujiang (Pearl River), China",,,,,,,,river,dissolved,filtered_<0.22um,,,,,,,,,,,not_reported,dataset,article_documented_dataset_constant,,ICP-MS (PerkinElmer Elan DRC-e),,,,,doi:10.7717/peerj.6578#materials-and-methods,,,,,,"[""Zhen et al. (2019). Geochemical characteristics of dissolved heavy metals in Zhujiang River, Southwest China: Spatial-temporal distribution, source, export flux estimation, and a water quality assessment. PeerJ 7:e6578. https://doi.org/10.7717/peerj.6578""]",dataset,dataset_metadata,,resolved,,public_download,permitted_research,https://creativecommons.org/licenses/by/4.0/,dataset,true,not_evaluated_for_project_output,2026-08-23T00:00:00Z
